feature_1,feature_2,feature_3,feature_4,label
-1.1171864617070024,0.14035986984804696,-1.9670697035871523,1.2005316584738726,-212.93785318613928
-0.5892716517893062,0.4751677464953816,-0.002403840918853844,1.1038773433162576,27.769255254543616
-0.05554769889661878,-1.3801014582148914,-1.7033824393551547,1.6286155455712918,-116.62510952663435
-1.5702247198904564,0.9725544496267299,0.6218099622171964,0.632407739055521,2.451681841020317
1.3744380931708173,-0.6537663386488198,-0.5956612940434921,-0.9057323008626189,-42.1347647729837
0.10575379127148042,1.987275999230808,0.9113627221747217,-1.3683150388328105,33.84959824140904
-2.1305664798072006,0.38298898474092846,0.14125714008746323,-0.38502181171286365,-109.92625470038115
1.2715550949941588,1.7522704434236227,0.9356783931474612,-1.1105758454658288,108.29652260926342
-0.5637245528039747,-0.32138584165299344,0.41293145427562433,-0.8254971967925115,-20.432806298522486
0.472597482413043,-1.7025836042378404,1.0291556373256436,0.40825275571447184,122.66243348036987
-1.385987942398998,-0.07566560432583026,1.9725421767898081,-0.07397286359437803,121.10272633744714
-0.45730165508679,-0.0635245746153551,1.2374381346841392,-0.8000385643976464,63.567685902654915
0.02390304328495547,1.0450884740847535,0.14488783309689118,0.24930859564172886,34.03226308473741
0.30154734233361247,2.463242112485286,-0.19236096478112252,0.06023020994102644,9.360675967351906
0.8132051867479773,1.4436320034688142,-1.2565068942792563,-0.493122822399772,-98.98354527046189
-0.5293321124483709,-0.33286040438251124,-0.09338685889994829,0.31745326125017514,-15.98012230706625
0.5752050161065663,-0.3570292008066094,0.8903831635197862,-1.5178737466808094,48.902948730662104
0.8080577982811451,1.0859821161750323,-0.535963445114048,-0.9354387020445953,-39.39934375598342
-1.6019658118971685,0.7421274910718922,0.0754336389015928,1.639964529371393,-9.136173802863162
-0.336254738681072,-2.049941278577478,1.1590740649558977,0.714609790636618,114.94535387490602
1.5013336519554867,-0.7567950885694608,-1.4218106667418438,0.9960476858058164,-11.489375990684323
-0.36283856043965906,1.40934744018558,2.2988981236192503,-0.5172884501003722,180.44984484297876
-1.563190808696657,-0.2523535021262876,-0.2918112689155441,0.3230792731160291,-96.98992554830357
1.78179890877106,1.5232386217122582,0.7356219972457467,1.667224111551137,264.23103224435306
-0.8330560570007587,-1.7762463334664518,-0.08059974929676088,-0.09546424708907303,-72.07765125167674
-0.10322175293249623,-0.13737178839939665,0.3904648499288896,0.8508979621679722,63.742788952319884
0.7189533106650667,0.5366527525272862,1.185704154662997,-1.0469109826819396,110.39592248038394
-1.2542894231692494,-0.5290526773462948,0.7942646796218271,-1.5625458568865427,-77.04559577047334
0.8335289616089246,-1.5558956462036273,0.33088023221445706,0.2337859117907477,62.130750726967804
0.4936548476431509,-1.433151814524712,-0.524662407066803,-0.14994071907910936,-54.35613507509065
0.26125053123385605,-1.3659557112005343,1.2119439853864005,0.6835693232004776,158.33645650670002
0.7519330326867741,-1.168678037619532,1.1428228145150205,-0.03471176970524331,110.03078730551806
0.7688396759688968,1.8904406851557827,0.04930833152022263,-0.7316317389085281,18.707497465941387
-0.4787486216634773,-0.30917212346863937,0.22213377163371284,-0.4344962274323156,-33.175451331392466
-0.35929209078705954,1.8467073257360336,0.5839281853259639,0.6818914896263114,92.21648172426855
0.7348777860498175,1.6073455760199926,0.49097495163825133,-0.24869112618354708,99.43291211560629
-1.405189846803575,0.8451579711843216,-0.04889718347410554,-0.2788833941507565,-84.241232209622
-1.342127748485115,0.5740712208940013,1.3995946451457935,1.5898389781806839,141.0066977823978
-0.234407800316322,0.26348721533105957,0.2942241290134937,-0.5029747705513431,-8.771825606814424
0.12557645347154225,1.3757068133116195,-0.15005558703252672,-0.29756350335999193,-4.714684973845104
1.135565640180599,3.852731490654721,0.570890510693167,0.5150476863060479,186.84657565763322
-0.39568071175626385,0.20438903160297678,-1.2021495260760888,-0.5555467794868666,-152.30641635691322
-0.6057149230033384,-0.48791140814570266,2.1573082132655035,0.6779258713392691,201.51933336377473
-0.3748208075495975,0.7129984301723881,-0.24032539815813503,-1.2221278088919454,-91.05794381626468
1.1727568452674448,0.04600274725327412,-0.9046143749937661,-0.23811043631205406,-41.17120901763566
0.06856297480602733,-0.5034756541161992,-1.5506634310661327,0.09965136508764122,-141.54149698353223
-1.237815498826849,0.6621306745210467,1.586016816145352,0.11351734525124804,96.81503260495211
0.9343199112392737,-1.4848979684499035,-2.553921134901955,0.9495541354413237,-157.17480001332711
-0.6716233679380516,0.2606737658239071,-0.5503051538454201,0.4940301862827388,-82.0735747228797
-2.2168188393540644,0.4243939378610126,1.2795186697601588,-0.7955570679408823,-20.613117780283588
-1.008086310917404,-0.4080753730215514,-2.038124535177854,1.2012139221639448,-221.95101712716044
-1.1978778925888485,-1.035242322419374,-0.553649305347182,-0.10703035995455783,-134.4719769755954
1.4415686206579004,-1.129706854657618,0.5298041779152828,0.8356921120651418,157.1229994042939
1.2958717818630143,0.6686548047579066,0.09806753953894455,-0.1755639454992155,78.5936213050256
-0.062191016999311004,0.5142547560178349,0.5720574417141441,-1.5311075025557221,-16.782373433971852
-0.2030453860429927,-0.7968952554704768,0.57707212718054,-2.4716445001272893,-74.8959946132473
0.21273977585766032,-1.1140464501619933,0.25866114785538813,-0.8110008636288448,-10.561389014376912
-0.06863404608546861,0.2700573583914221,-1.9122549754197768,-1.8206033005485172,-274.1244397120602
1.8577023435377324,-1.0513099116393445,1.4974316831796264,-1.8316822472060261,136.31426032842788
1.355637858804951,-0.9221653241776254,0.8696059201056602,0.7569886166453519,193.53067401958734
-1.879924385139045,2.088442772869925,-1.5859833122379583,1.0213832954293984,-182.9517621475439
-0.9206735930793662,0.0760053914124115,0.5387559924463692,0.5583269125217224,29.063530343193705
-0.5228600271532683,1.453384477117701,1.5795721457307124,-0.4455025214007718,114.76386104050385
1.1254347844147694,-0.9020515543575104,-0.8696630812746944,0.3764095260975166,-21.229753633823094
1.628396623128538,-0.5535882417079946,0.5689830791852754,1.6777008140764407,220.16209756319137
0.6952029000839993,0.7574951493374855,1.3705361439967134,-1.0501407396021456,120.63275955232406
-0.31030770538490365,0.37976763604089603,-0.9680457585102453,1.2376537575119981,-43.85073663583205
-0.4316203127180484,1.5213160519224513,0.9983108981479604,1.2171585208254965,156.2090720617508
-0.7725687487562407,-1.3327773974796497,-0.3494393272169559,1.2495049007061587,-22.854610874881793
1.1265650295477574,0.6962063648134184,1.8489560949453452,-0.23093453020867796,229.93239752780784
-0.9242331442683044,-0.7584953347000695,-0.23040071420576733,0.03279699541158651,-77.32849278258077
-1.1962066240806708,-0.18565897666381712,-1.1063349740060282,-0.47917423784528995,-195.25886441133554
0.5079913269125437,-1.331232953557778,-1.8362053731032966,-0.7859894605079495,-191.377408834518
0.47543068252662346,-1.7476365098282616,0.43477006455689116,1.7120402840178925,126.49533572112635
-1.5137143926128271,-0.060660813814620775,-0.7084067669104628,1.9011906857530074,-42.932186064223174
0.24395319790850026,0.05088770185601806,0.1733416643704082,0.16476084123651674,45.58206102474335
0.2553837556743171,0.08568716140335904,-0.9254246260595873,-1.0138959522925377,-118.83556315881584
0.8657551941701215,-0.11473644146689901,0.5049872789804571,-0.7925207384327007,44.61955331208179
-0.24903603955637832,1.3668742674445247,1.6449677135012837,-1.5151910621985523,94.8283768980231
-0.7484865365565536,1.277676821898509,0.33231401197959165,-1.5341141707356223,-56.385844464613726
-0.6028206557839616,-2.1272274203514954,-0.099094300241269,0.8467707752164937,-19.663120383470066
0.09337237427665124,-0.9600462952794637,-0.12270893359572414,-1.6548874362282961,-84.52095181971197
-0.26764109089879357,-1.0211624575603002,0.47347189903522846,0.9515497705740428,48.707036082790374
-0.3695269288333586,-0.17435425790283585,0.22530792204094158,-0.02355215087423812,14.556535305680814
1.7963608229269636,-0.14896930976729691,0.5027844268951942,-1.365824155415439,87.93856068976064
0.440474737960399,0.31978193414253697,-1.5929937335316693,-0.6013676439512137,-168.2730354280665
-0.8022772692216189,-0.42064532276535904,-0.3427145165267695,-1.4153707420504142,-139.1056437672918
0.8157372125392968,-0.27681329988892067,0.30740669780910074,-0.221253623585772,50.80876231250372
-0.13014305436768459,-0.31026675659345604,0.3241663524884421,0.6819529712949639,36.09214834940853
0.47154238041820573,-0.7597031174802871,-1.7710685530880912,-0.782003492511037,-205.56596842005845
-1.222895019555564,1.3313390619884031,1.9203675021442612,2.1247714030169615,243.8642665827474
-0.43548637056984335,0.1904996797790664,0.7094518171390395,0.33198033056901455,58.545792467080304
0.2873289044030093,1.7246966497611085,-0.28744751940035557,-2.0841129394985884,-83.49631884185558
1.7106133725819253,-1.067802921579193,0.9503075919735757,-1.053682419146354,117.39446106592926
-1.382799730964336,-0.1903386780836082,-0.8756182533847572,-1.0372461543264564,-216.06682746442334
-0.2515388860444957,0.4620608932518965,0.7833905092825955,-0.46440426230938764,42.35805766659926
-0.8058700664961888,-0.20922187374452778,-1.6834381922209503,-0.5621680265783021,-229.06354968734598
0.8177662992002871,0.4746982328799528,-0.025026958745143917,1.085895565831578,85.11240436918658
1.6850142787085094,-0.4853058353678683,1.230874513154735,-0.742484232538384,158.86544359522347
-0.056945623721067457,0.1503017614618776,-0.36361221221385587,0.11422764866203965,-37.334933962981026
0.1825010305992134,0.269294752580734,-0.04489303012253698,-0.3998990621311371,-6.976991447615171
-0.9811655311396816,-0.6775646523356551,1.1941094030473725,-1.7258067287905967,-31.687783994054637
-0.5924642591528942,1.6155828235482317,-1.234348871879922,0.9648516330974576,-81.67329329760621
1.1464408704007276,-1.479444223139724,1.259233239786799,2.303638752104789,270.66408933186705
0.14171691363990474,-0.3164084496948019,1.2130976999791834,-1.092312764672579,81.83162255297347
-1.7690759048891183,-0.5089636257074988,-0.025574312191994436,0.39241596717876703,-88.79676668928298
0.3673655068161781,-0.82688035403986,-0.22647889190152676,-0.877982586756561,-49.396422749735095
0.15776143929376948,0.996118214911129,-1.3902219251534627,0.13988723283912738,-112.54003329254652
0.17457781283183896,0.4040508568145384,1.8861859012105302,-0.16128571166600914,196.7179138887813
0.6153674840130534,-0.2595466775839172,0.738810480887503,0.5131057981760827,120.86219302520038
0.44921872128503426,-0.38852077518300926,0.19042388992505774,-1.8697416996954206,-64.91592033111178
-0.4691756521047048,1.8314587658543537,1.179440120721287,-1.3202332070206422,55.51046616451707
-1.5355721232071058,0.3161559571827783,0.46926758980852623,0.3350580290841175,-24.5853018745723
-1.2968319479558466,1.173473857485325,0.18102155870370695,0.6628812686674127,-13.367134389962587
0.2811914239693758,0.8534155587803077,0.7589285897867651,0.594754341665286,113.95307339414529
0.6296288419236122,0.30729952087660933,0.8128621188389601,0.8995998754332507,154.03630715786568
-0.14436041192394247,-0.024125087110003277,0.19808476076785494,0.013929291912946203,22.118283472501194
-0.6946003691631446,0.4559041951707027,-0.45909031021899177,-0.6065033882157397,-107.64989862609153
-0.4030759890650308,2.046862195719558,-0.6749340187905523,-0.22247489677826537,-71.11662694743033
-2.9403886346642802,1.1337700968670645,0.5935567222808619,-0.194908280352681,-102.41647851285538
0.5705986685931593,0.543360192379935,-0.6626237589458467,-1.6694052811213718,-112.31681981697788
-0.28313889674376713,-1.869816339532164,-1.1617838439123638,0.45060341286253885,-118.84396869021326
-0.4124138182164804,1.3032780373160637,0.5861658003927833,0.18106274277108234,68.08248122795555
0.2579759812211809,-0.9040682897360003,-1.548960525053475,0.19613145902390733,-154.58846310126006
0.04693490206036963,0.35147990035220167,-1.9782252493748103,-1.372859451481064,-261.7632483774355
-0.21345677935043825,-1.5975991695954321,-0.3270173176097711,-0.9245641143780999,-114.74617968713717
-2.205566057099069,-0.18452535765584954,-0.6047446645382127,-0.6243453897132241,-183.36819631411325
1.050654396007612,-0.05761879703358539,0.2010990467149675,2.403415585238275,199.79001219815126
-1.0753123930492379,0.33802348110170816,-1.2070216478572156,1.2769653860881878,-100.27861198446824
0.21853404241094568,-0.736770135947622,-1.4152671919241875,0.5859042011646491,-95.31301351077643
-1.1119670257741636,-0.05020461704174478,2.620793091029975,-0.29967664800678706,181.95183200381376
-1.8019804375800197,-0.22476540189268354,-1.1701130260593595,-1.366878698415421,-273.4301031918557
-1.0534155631736561,-1.0399059271255309,0.6127739050625697,1.1081828167375165,70.8215988735145
-0.09184476433495513,-0.8449414385934964,-1.4990159604584012,1.0094717885959688,-105.91828631347379
0.5078357562896237,0.26859227886325693,1.5284684264125317,0.0570131248970845,185.9175950515145
-1.142970297830623,0.1537251059455279,0.058208718445999896,-0.883857436201133,-93.15387368551534
2.3638724946193608,-0.20931381957936157,1.0729780477660118,0.6833289928110694,275.4113807482436
0.8178896580250287,-1.0718572330401555,-1.5537587660160643,0.6704806172412126,-85.89504109213665
-0.9186519464841982,-0.2817846088605072,-1.344450511034277,-0.42018681709585726,-206.49657035777716
0.6863184569567008,-0.9539394193966448,-0.4070363129267805,0.014273067836434106,-9.292336736136647
-0.6810516574748808,-1.4307751021180481,0.12810441491078928,-0.04015795064434341,-35.345564655492346
0.3636318826249679,-0.01208894784605456,-1.252393444413119,-1.4511756900515589,-185.73362667253446
0.37721187506452086,-1.5231869047837747,-0.5589218472715883,1.1950466289248425,-1.6541863057304962
-0.7449026448064491,-0.8818746512277178,-0.16306696394376388,-0.026521259249060063,-59.13218308061106
0.7746340534293368,-0.7076694656187807,0.44381942814622843,1.2669111491866227,126.79801109170913
0.9715709509543554,1.7553408424432044,-0.2489641484790735,2.060747924881987,143.37713129664033
1.3883377782084478,-0.4997301761516306,-0.5262478565174211,-2.7475048427252347,-148.48925850887002
-0.7542758500193579,-1.146345393018688,0.30263546523903323,1.633431532301096,61.824444658971025
-1.7485319732381808,0.8108082731597821,0.793488720552213,-0.1343087414705478,-9.128018159512694
0.19686123586912352,-1.9596701238797756,-1.3281860488984305,0.2088635950047554,-123.58246428413437
-1.4084612963635597,1.0490092258368893,-0.7043436905427592,-0.5227230205190395,-161.27740751136878
0.03793783544760203,0.8872908372667421,-0.7632861041785816,0.8691560643892732,-27.064405877936657
-0.09605989972464987,0.12200981464536144,2.5600845382687947,-0.5756378262377739,193.23556594156813
-0.029262813684978354,-0.36961033604363397,0.37710039390218647,0.6215718898560508,66.1006933474668
-0.38508228041631654,-1.763040155362734,0.324083969394795,0.3436182895684614,8.369120993489224
0.3464884758979927,-1.9982006845321076,0.9163276747024814,0.07863519031609059,93.12526750355947
-0.7928728322623442,0.5040465155178444,-0.5302576183724408,-0.9857260463355437,-155.04202390957585
-0.7519693317388191,0.6713400764504657,0.21319662823768915,-0.1601327955666404,-8.756807602624967
1.8522781845089378,-0.2916937497932768,-0.6017066122293969,-0.600638689918805,-8.242543124256557
1.2389463529394373,0.18384954475369486,1.8005111815108537,-3.0195121558208253,82.51990013356586
0.08187413938632256,-0.23681860674000887,-0.48536354782910346,-0.7728252145375718,-72.84460900988834
0.8764556455029355,0.03003147916408217,-2.1523835446091804,-0.8617030702562581,-206.07382585251136
-0.24702570074599667,-0.06613261462582246,2.0997217891665154,-0.4367197360405955,164.2707051014276
0.8545252270666157,1.0305805856240573,-0.6578345538521371,0.5107920885275947,30.522752426947736
-0.1758858124323366,-0.8432465953161917,2.1709427174978138,-0.24606248812994858,175.25512129646245
0.42192075423528475,0.3287624103034804,0.32135721545027307,-0.06413834659299254,48.22725656623201
-0.8627757640431206,1.0971527117536957,-0.47883745600840416,-2.1533429198712444,-192.46464276265374
-0.026513875449216878,-0.07444591576616721,-1.9187712152990415,0.25755039072276437,-190.27294274086822
0.09284490114111471,-1.881849045497639,-0.5487249077409615,-0.12853751143893075,-76.65794084126787
1.1172958315881276,1.4437646040732595,-0.0821511783925688,-1.251539424190444,-4.382444601025448
1.1618783026081905,-0.16882172319001063,0.07005216311318138,-0.1044492185374715,65.4924771476269
-0.07576428653545988,-1.1388331177807691,1.0391117874202687,0.6222071440434019,125.21572953201735
0.5825713188088052,0.8496119885162131,0.6928575842374367,0.14304876987895235,125.53428971348931
0.19157739619408962,0.08669769941439658,0.3556689485632294,0.347561613803552,93.23823105640878
1.5230298564080254,-0.13826430117118466,0.6476885381006925,0.4967141530112327,151.1218721239921
0.32875110965968446,-0.5017570435845365,0.9154021177020741,-0.8084936028931876,59.36804550420428
-0.39963618561460235,-0.372833152091767,1.7269638512334051,0.7223813578277714,189.03615634103025
-0.7666565877833479,1.7193779062072967,1.9925153531681183,-0.6058608207588934,142.91201062902306
-0.4397310582741749,-0.8946073022195039,-0.18687164416135904,1.2557561255735208,17.25577923049368
0.047398671316414016,-1.2110161997624567,-0.6518361078021592,-0.06607979864731657,-71.10110324569568
1.466540859278603,0.3131321400131553,0.6870657958589163,1.3764964500195378,203.99887924653027
-1.6685840738775894,-1.0227925651984056,-0.2573765374233451,0.6135179727304166,-93.30944566660291
0.02845758118315888,0.7510994545073101,-2.0650830462563206,-1.9754877712171375,-306.70374568494674
-1.7073579575929467,1.5337277099164992,-0.5358014630522978,-0.6292633936927887,-156.38856160926628
0.7916626939629359,-1.2141886127877322,1.1581108735000678,-1.006017381499702,92.22438338562627
0.46210347426327075,0.010233061019587049,-0.9815086510479509,1.1631637521549596,-30.38340500738846
-0.692420979873856,-0.03703679704841202,-0.42930222451725997,-0.6117690909052854,-102.79687384933933
-0.3135296861723979,2.98525900260341,0.3674816654743044,0.17521141890851205,46.69578723473522
-0.1423794850212935,0.6228499323474987,-1.0676204293825944,-0.45006547147924364,-125.275793705508
0.3278795241593574,-0.25495579355369785,-0.12545426000290022,0.5488838353173644,33.09283909297206
0.487872284871074,0.01914777741575206,-0.6414869090443096,0.42588720619303577,-25.95157569762967
0.7214793237573432,-0.5244481362626519,-0.7353034606819523,-1.6566232076777738,-104.68713875832177
-1.103589317215771,-0.09833962679474989,-0.9885911071509175,-1.6929568141953855,-246.1015948086426
0.6170059495766975,-0.3920126399191296,1.0599363840466218,0.6934789119139937,167.28575004753478
-1.0025293646378088,-0.1599385299634271,-0.01901620790268883,0.8576596232020194,-14.684015187413618
-0.6163614080394775,0.23070090571868349,-1.2601647651725802,0.020886488295961788,-169.7018946066059
-0.5707462937494763,1.1890165311075518,1.4205042479898549,-0.6373871273065177,82.99577975101471
-0.4555395260238707,0.9854496856152184,0.8691545924968965,1.5781180575621845,137.9732911193323
-0.7331561971099966,0.7719201548366751,0.44130715169924584,-0.17280173739646437,0.6708735769761502
1.143754043206929,0.7708651938869668,-1.4785862457798415,0.23561455810856594,-71.67582558187951
1.23000057271915,-0.24268127681203333,-1.0263692076658921,0.7060789138151315,-10.45839557569872
1.4363354057059785,-0.712220763649051,1.186734620177331,-0.8810683366612923,147.26911483195306
-0.19539035117702397,0.5913492417584003,-0.7239903317426091,-1.3957892021924851,-146.11923129565116
-0.6619821777966091,-1.3631740045928105,0.18970616761039566,2.0243096232868525,79.42580740489862
1.5295503194606137,1.0941915184709485,-1.6924646297148194,0.055724912288694604,-68.50759259846228
-0.12038116395359824,-0.9745293046706415,1.1070806692869728,-0.13263374638257355,64.36301975967308
-0.3780078990182172,1.9412174364637491,-0.8783230771797389,0.6654168236917787,-57.72528831924178
-1.0710536796490489,0.40429475496169764,1.235782191822154,0.4367385517335095,89.47024664942897
-0.5482002981667726,-2.0820987031889873,0.5531491563792091,0.242882013150275,15.155136324286282
-0.15567723539207948,-0.6039851867158206,0.08658978747289992,0.37114587337130883,29.58290259157981
0.6897078052451944,1.3814540786904865,-1.2922626951056186,1.7495839042054206,7.274668351234825
1.7586204841951334,0.996858773465808,0.2806364044901364,1.4641772387524374,181.75075437693616
0.3123782104665717,-0.7280770978553212,0.3733485597113982,-0.3600392687569827,41.735124793890044
0.6929186230316111,1.4532606633210343,-1.3386057997232488,-0.23086637384476896,-85.3485243914839
-1.7931064525345768,0.0976703767483354,-1.2644984069549656,-0.856498237409199,-245.95904567999838
0.4547409121411344,0.820344012612456,-0.03361256470371301,0.2531652380379812,37.59036057476179
0.02131164867194222,-0.796025856803489,1.0760071385985983,-0.31905393566661816,86.43428298089148
1.7473631979155582,1.52100622715938,-0.9489165208248372,0.46667098196608103,33.87719494017253
0.4625912928539512,-1.148794035158656,0.6663125009092119,0.6793732829565033,106.05425376459533
-1.9685042134380537,0.5136144642310962,0.03471374875256186,-0.8927875154918841,-151.403158189454
0.1200313267182613,0.4363236696740321,0.03800347816820029,1.7275431701007113,107.40504774743697
0.7640297815728595,-0.9478927172689863,-0.8343230454915821,1.897767016745977,37.210141322725605
0.4201915428949916,0.8107986455917099,-0.9938626748348534,0.6549755842216898,-38.14797280638679
-0.40439742318396127,1.4891131083282896,2.271449745422796,0.5055892418358746,238.66974218685465
-0.8463566549908735,0.8527736751222195,0.48473281729447476,0.0678555105274033,13.259540527009017
-1.7608088119807759,0.9325908318730899,-1.4183657329330317,0.22468472575188592,-203.82004093140355
-1.6615200622689599,-0.9043166251044086,0.6385924587773739,0.25972250172148187,-19.653155383500554
-0.20661127969604665,0.1704637709965709,-0.9627325652846123,-0.34254920085776497,-115.64112410356596
0.39792704994680894,0.9413105807674833,-1.0325239035275395,0.19063559126502433,-67.22383730297817
-0.33078922432755736,0.5221425459339358,-1.1036698285303692,0.9784221120280351,-65.15656355783295
1.8180619225578247,1.631856899089109,-0.7330329955239894,0.20232879642280202,53.098615585978195
-2.0417348684242906,0.02688583899453078,0.20838280794755248,-0.22096417382966393,-93.88043451403581
0.4523717962497339,1.4122205554154292,-0.07964139124571515,0.02421945667275807,30.928588124941996
-1.0773760769847582,1.451001438131336,0.8794170411374032,0.33085130461557777,64.50926004379491
-0.6342858476894031,-0.6327550298850391,0.5964411375817527,-1.542801515209646,-41.83487817699733
-0.573601772896901,0.591814133741378,-0.3540407109410238,0.6728612359668199,-29.48651075861004
0.2603218387712207,-0.2500465145989528,0.28869362927985703,1.3924653000643288,108.03532609601612
-1.4123037013352915,0.3142473325952739,-0.9080240755212109,-1.0128311203344238,-212.78374257301996
0.5087250232299338,-1.5841359430054898,0.2671266510114834,-1.803139676255945,-45.76771633324965
1.1373145423647293,-0.9455068799427312,-1.1533505105959594,1.676393027208203,29.22344373509104
-0.1512732836535117,0.08958068125524882,-0.1973384203073261,0.5556044660034485,17.460119692514315
0.8773622905756714,-1.1583646891925428,1.5033983017671506,-0.0036025390905684044,192.3338810361759
-0.24852861807444937,0.5530400858523584,0.23402445435314795,0.7751554940347831,52.397311016073274
-1.3698029795790778,2.2105230015913513,-0.5574917850078336,0.9638791167949097,-76.99981397912282
1.114321694668872,0.54711911517521,-1.1808128153088449,0.02246589281204638,-57.720137178288965
-1.1032083657216831,-1.9663565893760018,2.056207129940322,-1.0448091940210336,78.41648955699661
-0.181224173218103,-0.6475418056351592,0.7441919714999368,-0.3583401520212222,46.6258878152296
0.31318447386498,0.10940847183297006,1.3286408282482312,-1.2374266382225725,88.98811954984127
-0.2711236010425688,-0.8031789506803448,1.4926885689595217,0.9135846262332494,163.2375657992682
2.3200407220172594,-0.9823035803773146,1.1218578562304709,-0.05390484900573916,224.4706100289703
-0.7121738641760436,0.47004418736820214,-0.7076258948220261,0.4322629506341555,-83.38143036141905
-2.0733902324081495,1.0915068519224618,1.246085192497629,-2.650969808393012,-107.0881191120073
0.9788580507817954,1.4223698616985077,1.7388996637975789,-0.5975101946916416,191.20467580868382
-0.6919080698812444,-1.0700847663261526,-1.5255251709247388,1.8466369960476658,-122.18560253523384
-0.059415181272494094,0.5483196275544987,0.9495945713644882,-0.08743532877718108,88.23662957710847
-2.100026507651624,-1.3993061748019415,0.3676492929914216,0.49986412374037137,-46.026932166440425
-0.29983819627488056,-0.2739930818293042,-0.24338397937501807,1.5628887685081978,38.359210137339325
-0.16212397547985843,0.5362909095171899,-2.1961278210999464,-0.06407776414871663,-234.22929060413583
-0.1962806513879368,0.24300472205439969,-1.5327005598899308,0.9500158286696456,-131.9229224692055
-0.8671302157109003,0.15519068385897913,0.8250982646676347,-0.32789471651291785,16.566958920142266
0.41379909745149823,0.3098207102270275,0.6337768809320985,-1.1875984190295128,23.46707200372328
-1.1780408673763807,0.4512253193185082,1.1834936668899279,0.9003985883950636,94.20070935711668
-0.387099702474401,0.6687416555925126,-1.0917008761393143,-0.005596018829046555,-108.84489467913122
-0.8169356709872361,0.14671368643332283,1.2065089665083568,-0.16711808031685435,70.92348562699163
0.4631847952675847,-0.47949296739924335,0.2965755451407618,-0.4430440211284823,24.41865467148502
2.212531039397242,-2.0864776583710847,0.16048962397348007,0.007178466907941942,126.25857011456364
1.2446795807367868,-0.8254105299789551,2.9490944253087252,-1.085150526557798,276.133365109393
-1.0097307047099375,0.9039348410861953,-2.3629324355418384,0.4365598041576678,-261.99017448258564
-1.7397137787780996,-2.8485426206300755,1.1487657003721035,0.7716987106483447,43.98949875276179
1.2187618516973167,0.5999287299962045,1.5307508323436974,-1.2096947428411076,141.8331114925204
1.3554428011054958,0.7211353625455816,-0.9162741005637249,0.8814075289235711,21.561066516204157
-0.062004009366031745,1.7041055162554912,1.2468917155347194,-0.05240445057746945,123.97189244453301
1.695051040430753,0.5514853760404675,0.043602446372453724,0.12320480678448567,93.94845606278483
-0.4937565831613125,-1.2829922241885696,0.99626681944714,0.07682189106025536,50.489112929323824
-0.1590452104000513,1.6259589153620633,2.218780233448134,1.904136589573007,317.3390622802069
-0.2116669819311769,1.503419828428999,-0.3301200939664503,-1.5614932224418594,-103.55064165589539
-1.2845842656999693,-1.060605066396601,-0.7170161491279362,0.05225849049748321,-155.23853992601386
-0.3431922754974105,-0.3916485674217911,0.26912694124510733,0.3080505395041023,20.003302788452203
0.4182057558879721,-0.07722104522304557,0.4258436586298291,-0.6073544332122114,31.542614871575957
-0.5282970466629792,0.4809080927488954,-0.20252422706483003,1.1818910929599615,4.0717890473977025
1.4799441388900259,0.8816397569494505,-0.007972641316617372,1.6871416350725648,156.43867542480498
0.7600559636896026,-0.08310557262869477,-1.5047203740310022,-1.4063174636718339,-160.90812419439936
0.7589692204932674,0.651391251305798,-0.3152692446403456,0.9540017634932023,64.97691839912152
-0.009300321138614417,1.1210306673244714,0.00020706491819709385,-0.8224199323822006,-39.90464372652505
1.5499344050175394,0.4735924306351816,-0.9194242342338032,-1.0623037137261049,-58.81638861281424
-1.3303136257389898,0.10435593752321293,-0.8987840483231282,1.617212574968624,-82.6923661331972
1.475356216949552,-0.21344715171184725,0.3109075655980046,-0.718444221252436,84.1958538638251
-1.5947030672667954,-0.14760258629866868,-0.46603650186824225,0.32316771418478146,-127.84060109392702
-0.4872285641135523,-0.08152267310164589,0.34767648353833636,-0.5041798310076715,-19.570426975165546
1.1918993344135729,-1.4769249275319014,-0.7393714074590363,-1.0973683189710666,-86.08159692968465
-1.570500603623177,1.3920022863445993,0.918316606002313,0.17989415115347845,20.637251569500034
1.044160877069072,-0.5308687729203206,-0.48943944251822213,2.5269324258736217,110.78548548341743
0.18335991977915564,0.3918040054025465,-1.4789115687741288,-0.5462444482524828,-147.21682671947008
-0.4516594761596227,-0.15083771156669531,-0.0739475656083926,-0.46580556911816284,-44.95509254331057
0.6487098875896427,1.1692955904456728,1.3821589910375272,1.066674689589154,233.9323101075226
0.7597122954841684,0.1435879365051602,-1.8179792253871547,-1.9511018640386248,-231.0855648721397
2.2313001461926323,0.14294309476370676,1.732514999485092,-1.1939250063990554,230.23536941570916
0.5517407999109204,-2.832155598110569,-0.4511588584089988,-1.5193460754768424,-119.82541564663994
0.17958178193959795,-0.6777449705248515,0.513907849658915,-1.0003313246055747,5.996908229337779
-0.828497024780246,1.4898634386020821,-1.6009039784765156,-0.22320225463480511,-207.10250375608214
1.6764373122752827,-0.35151348404130867,0.0184183791895517,-1.8707919210258557,-1.2227298433924263
-0.7094410024275466,1.197246923645228,-1.371673697230466,0.42548993324023027,-151.108438218606
1.2292147842970504,-0.39352985596972884,0.1786947168104756,-1.1195461283831687,27.865053478659654
-0.08071658010858232,0.05194588580729943,0.7326400772155792,0.7276295436369798,93.13431212697047
0.5507975722736632,-0.43112556957509907,0.4080528468367557,0.7828737349485725,113.12886691206981
0.5925269492011831,1.2083662305931424,1.0240625258114624,2.061503576636398,243.53888555986134
-0.04865235157045115,-0.9571509148950429,0.34378788154988543,-0.9637589262106109,-10.904679695369138
1.1195749114345768,0.3112501545435361,3.0788808084552377,0.5765569630557664,390.10267329416706
-0.04347694981386243,1.1695899924277735,-0.22939074406802776,1.0473177066214483,27.837003299865714
0.11502607914741717,1.3404504460231446,-1.8751724696457446,0.31917451041918043,-154.4421458740191
-0.6897277740641738,-1.9196731561976563,-0.01383774609423725,0.02538842054241018,-58.90938278778859
-1.5029703283951532,-0.10594835430413566,2.6443433470170348,-0.46531045678005334,150.04431692908202
-1.7863754653546866,1.7031726099180378,-1.6380290574360168,0.9955815140020298,-193.59265569768758
0.638391925608383,1.6426729532559634,-0.9006207346478687,-1.1894118928673278,-96.49205955202135
-0.20932367715186612,-1.6135613978767411,1.4711703274936085,-1.3719011429313563,36.080705285018745
-0.09888965319114267,0.8384907744516419,0.08182935854756501,-0.006070911539893324,18.706847918738116
0.06167984984797165,1.1486373494287152,-1.015821818978397,0.20056919723094285,-66.6241062463882
-0.6582484123338483,0.03444101170584135,-2.4883273534129895,-0.5098066931908826,-293.82218575116923
-2.9911359709007233,-1.1476913898156673,0.08520944963390106,0.32405702822156063,-135.55324514232197
1.1401490385212665,0.24650477843200488,0.49822174849678513,-1.111457956937032,59.410685189343596
-0.92951086019241,1.0352493347237526,-1.8461878622380938,0.8901984111247868,-166.291931515085
0.48937456122791806,-1.1290517712172292,-0.5245202662797737,0.7216720640432351,-2.0512935585909053
1.2784518626072987,-0.3933388123273607,0.028744822934817487,0.3686733088729012,83.62810992625172
-1.5642416117110514,0.5844129804724842,1.9764405845154855,0.10589445311523424,129.2175971044098
-0.6004235657387051,1.321304032273012,1.4196030045136372,-0.649373038321426,76.03500483943107
-0.7553829323533225,-0.7257438131534656,0.18676676447707832,0.517659020469123,1.9000329189328196
-0.8082982853551515,0.18334200573835174,2.1898029332176723,0.8723206367206782,213.63240878263355
-0.827230943552323,-0.2886586389201383,0.3227185603380895,-0.01851313599238993,-12.6158597188807
-0.19050310599781134,-0.46649537922819795,0.6404797952008238,0.9965705105794472,103.78232585258917
1.8967929826539474,0.4127809269364983,0.82206015999449,0.9633761292443218,224.29777815427266
0.8394685045184047,-0.15171443357722914,0.5333592447054494,1.2753907379990148,151.43010076941016
1.8876876573401904,-0.8603850107795019,-0.41360553342164424,-1.907807557877391,-47.6649650688752
-0.8498443694647918,0.24822058630033608,-0.4593608995402441,0.18186625505849516,-78.35721649942475
-0.987179527151184,-0.7191533192424201,-0.21113023882769444,-2.151815401329305,-197.6923571229291
-0.543424771133765,-0.5468589412403921,-0.03275327021599839,-0.5736620068802363,-70.94881162731227
-0.3700110298821277,-0.10960980392583083,-0.08836295920533532,-0.4363858905265686,-42.295868764553106
0.32950873557300914,-0.4242363333980435,-0.5698329282387588,-0.04551224530124217,-43.982247814221516
-0.6122367345077503,0.9681846605328611,-0.33130838318332273,0.570612997219531,-23.735402361894252
0.23321613126350166,0.018849622944847662,0.7082144232565571,-0.09858813228426173,94.8248582778838
1.4558223221467665,0.08199555641356042,0.4572804046152411,-0.7341737987784958,87.4342219139669
1.5111549302473475,0.9216501119244593,-0.12754912037753421,-0.1891203907770335,73.09892077113912
-0.9398797863273552,0.6696725488300385,0.36659824609684827,-1.3044695005048532,-74.31315590056502
-0.03722223650984159,-0.19634984908497827,-0.07160125941406395,-0.2590421458207031,-29.116369744061682
1.3736585451629577,-1.830632896856457,0.5112025995249807,-0.6540756831274238,79.03027752195038
0.1292211819752275,-1.1254890472983765,2.4457519796168263,0.2799686263198203,243.72658640135828
0.06751848141010895,0.11567463429285867,1.1792971840638264,1.551151975522523,192.39765725658424
0.9278401280812372,2.165002344901084,-0.643518230380143,0.45588777208160763,22.84389449665395
0.19408999289830758,0.1866091231563581,-0.44643361455052827,0.6078965097165392,2.7627239563516532
-0.47490365662252443,-0.25890497370407733,0.5866938014752747,0.28328787154614216,47.485748738166436
-0.5069431753711298,0.2436872114919123,0.24496657110872277,-0.8222203955664315,-44.109757244722985
-0.22747625995340778,1.0071333364731596,0.3361449630262288,-0.9733788380270346,-21.436790855071564
1.8998819348952156,-0.24125765461854246,0.6725737012027313,0.40981865692851255,163.82600610588796
1.5730197252148563,-0.20447122098612153,1.75547569831549,0.38632331781156,271.61934332170995
-2.153390113603715,-0.8469613483183278,-0.9913923494563072,1.5945050632249722,-142.15696845944768
1.41093237974627,0.44194064956940904,-1.090399077442846,0.16865467196672768,-9.1090009342503
-1.2096410186912054,0.37405656984757213,1.2276689924732922,-1.9937356425714554,-25.500715616006723
-0.6629009175509482,0.04059169120388238,-0.7019916878067554,0.04886007032570433,-115.86719498143549
1.8811570694405901,-0.0657502610729878,-0.5551995266931984,1.5655240292343404,133.17496640285836
-0.06100397185538355,-1.3724655478841008,0.32297450361766816,-0.501784192811532,2.127068645612372
1.543243528272189,1.088748619704186,1.884586305934609,-0.372206776071053,250.41229149617897
1.2619215007139917,-0.05139372358848624,-1.7730324682068814,1.1260502507721681,-62.450856639630274
-2.301921164735585,-0.57581824064468,-0.275051697151644,-0.5305011476105275,-178.01066494262346
-0.5321685631271895,0.2078025073533134,-1.2926253471522626,0.8407344821295493,-109.4109796012939
-1.5457297866907331,0.8347513263248821,0.9137716213855857,-1.0921636327180897,-41.73748583172838
1.3522026788671444,0.3076126681891964,-0.524567013767051,-0.14037505890533644,25.81752628511802
-1.0496554989099411,1.4473056993918065,0.5681032051286461,0.5062409893059261,45.866983182746225
-0.1581538443723203,-2.132595626154836,1.0126374096440718,0.2810092502818063,101.04380644710174
1.8761708392158862,0.15039378647620763,0.34175597577715944,-0.759132661553698,79.88494601795517
-0.5260348426675804,0.4209729443893898,0.49201884799279927,0.6988284202025348,47.28902713503802
0.21645858958197486,0.6795977489346758,-0.7303666317171367,-0.7153037092599682,-85.90942172065364
0.755391225825756,-0.9075636620415979,-0.5767713305683327,-0.23894804686640975,-25.595358669988634
1.053802052034903,0.5607845263682344,1.083051243175277,0.3577873603482833,171.85624442962862
1.1608267873785194,-1.1196698946261439,-1.2946814757209058,-0.36244094140313216,-94.23345993089198
0.01259240078179486,-0.40122047188583626,0.22409248181041677,0.6901439917111125,42.171556300692004
-0.2860042218801108,-0.9193845915864234,-2.5302875227463297,2.0740826697499735,-184.07865152737617
-1.17223375343664,-0.32669621318636405,-1.0425776946705763,-0.15032046027187207,-167.8454575527193
-0.28067507686677406,-0.06259312789952241,-0.7539645888666763,0.10420110395187607,-82.07735291954337
-0.8206823183517105,0.787084603742452,1.158595579007404,-0.9746816702273214,38.929222056888705
1.341475915530881,0.0036956718478473255,1.0114630354083562,1.9625871905307948,269.72498716291335
-0.35802937974698623,-0.6121669171548207,0.4912076654119963,-0.4835614838465371,28.092238259306754
2.7596600389110777,0.5054701591666269,1.0602099074988798,0.47635776935621926,267.5845444181566
-0.525755021680761,-0.5993926454440222,-2.123895724309807,-0.8397218421807761,-278.89954235298745
-0.6929051977959073,1.7495767431869393,-1.243863235391285,-1.4026052717996935,-216.24132201081085
-0.35667313417987123,-0.048088507330772585,-0.18315047105329468,0.8155010224442626,-3.9579428780825348
1.8009404329108156,1.4401172154494728,-0.6763923020592697,-0.08973569428722672,20.029565761239375
1.8486088332964115,0.7579218499236196,0.6855077387902041,-0.7309562757154733,122.98182400085204
0.6683404887180808,-0.006521315229458062,0.5987943895619102,-0.20149153394751798,73.61255408350125
0.09798315347089544,0.4676931717654332,1.0857863249393471,0.25373966149457344,135.77669605305024
-0.18319661872038787,3.109918556005361,0.6067230591361827,1.9956674897839644,174.95950962286472
-0.37061433208610595,1.1727290192593647,0.5436001545944323,-0.025554070991445278,31.22841256279461
0.547264797377967,-1.3224579567435701,0.4818660617184915,-1.3510743662080213,-7.008277435581481
-1.1840305582225594,-0.12372894627483615,-0.39767969361460404,-0.3828171896129687,-120.14606705445458
0.8141517621182666,-0.3212427661179117,1.8325570434792018,1.7388513518533313,297.1357303484256
-1.2308643164339552,-0.3220615162056756,0.8135172173696698,-0.7832532923362371,-25.611346483153085
-0.9594392367234797,0.5820977034686158,-0.22648409884983192,1.221033695525353,-13.605758981330819
-0.8505204542093001,-1.2242982362893657,-0.20902325728602528,-0.13845598398377382,-79.32308530301148
-0.4629395120252583,0.8282296901846228,1.090861670603698,1.6087808557343735,164.84632139405105
-2.025807873111377,-0.03901951937754412,-0.41790954576589057,0.7793490039053323,-127.25306148129985
0.15805348992013185,-1.7518288067517191,-0.3899237065594453,-1.1543626682329844,-113.32111566285275
0.21471318317052634,0.2522403964266774,-0.11622904312195817,0.09175248444837286,16.002307445289894
-2.0392321777601006,-1.7587394864231143,-1.183258512665775,1.0584244868495878,-192.16006734008374
-0.22272070077660705,0.33260751032419755,0.9331280723410693,-0.5717460419560614,41.410180841475444
0.2502002062516945,-0.9980606273144129,-0.3839712719523516,1.0519476177229186,26.434687320522556
-0.6520888885930607,-0.21804589539237385,-0.8476339286190848,1.80930634973311,-23.13140282072446
-0.8342818100346248,-1.2790307362197864,0.5152943216244674,-0.27999330187447974,-10.777543488577056
-1.503080301759818,1.4015985929464294,0.6504500925361392,0.4183982208886837,11.991829649098117
0.4281862478105761,0.9134737320174066,0.5376299029498797,-0.41222074502447015,41.277258775987995
-0.7465783465402389,-0.19646658342809717,-0.20585943088034037,-0.5164296438875717,-80.31664808866775
1.0383788510193166,-1.3971181851129912,-0.5835993263460049,-1.28716356858425,-64.51583880558651
-1.0565576427602528,-0.6085897232397004,-0.5289777080640152,-0.8245141615276735,-135.3163972546585
-1.326472128311083,0.3405892164004968,0.39069592092814415,0.5514762752395233,5.800891875595001
0.45780560992578473,0.37006111526895535,-0.12373268009975662,-0.33912227927003874,-0.025580619924360004
1.7117084801423434,-0.8848027140269009,-0.172946059923423,-0.4432822511915103,42.31977138491055
1.5039929885826886,0.10643022769189683,-0.2549772174208553,-0.7128457826771644,4.019467271624176
1.3183023248526693,0.7396531517246714,-1.9093560875072928,-0.13939720066323416,-120.88833096553874
0.5798572852951321,0.5835443030118876,-0.12951724686344077,1.0417246640588513,61.99862005180062
1.09877685198719,-0.20219265243389406,-0.2176812032272203,0.5470973811700379,53.5755543749834
0.213979910734222,0.03526355197172861,-0.6997255079925856,1.9647251329163893,28.234577681981307
-0.9730689408815555,0.5792914996010884,0.11958036841415326,-0.015309849172995557,-41.111471219096174
-1.3158158164275071,0.03944704824073949,-1.4359095238685275,0.4240668615184512,-208.80493221310758
0.751387123371789,-0.977555244798551,0.09933230542922587,0.5009171876243808,77.24801081150349
-0.2666523292344148,1.5334337012963255,-1.423957152450145,-2.211861911329507,-232.53868423822843
0.6082461916849685,-0.4159669279473586,-0.9457460606967811,-0.09662367001488972,-63.8394231576803
-0.8852486861242225,-0.5505519317084877,0.31635832153614474,0.46436986354657417,5.130771718255161
0.5723903111756757,0.3614173172731029,-1.2931415437586478,-0.7296024698074095,-125.61218728543875
0.7542913298135743,0.43192254467394064,0.8004095252276823,-0.6414815952229522,75.96046494523932
-0.04541121793223822,0.8595878869798019,-0.3871306497895146,-0.5495571359085801,-46.697485500216686
0.17775010626803134,1.9532591375265682,-0.5258796758952039,-0.7090209576304904,-54.32973741315293
0.620672097550678,-0.24751863555150475,-0.07443342910004629,-0.7271371758248686,-42.54457000715494
0.019616657693989903,0.7181857257079345,0.4384757388097273,0.7153813154412441,86.65387147897529
-2.390304367469438,1.2302221756507876,-0.5969742867210739,0.3791531187261241,-129.05652934793443
-0.2634482160822491,-1.5648027713620551,0.0953441994413082,0.3496500472996937,-11.331347488864292
-1.4018510627922809,-0.9093874547947389,1.4027943109360992,0.7910319470430469,86.30520284564125
1.0701502383164274,0.7083038472010638,0.3514482075415829,1.188913371474643,137.48956256374095
0.5137859509122088,-0.9378250399151228,0.5150352672086598,-1.377669367957091,3.934704657138921
0.271495310825648,-0.9175028210142636,1.0176614668435024,-1.1225448062444139,55.63873972817869
0.1979107834626478,-0.6891878180895679,1.7359638031652493,2.0752608726252655,288.0807329516373
0.7215625051261435,-1.3810446031537749,0.30381859560487573,-0.7859860326349823,8.133305478804658
3.9262377064363267,0.21539650545628794,0.5082686396745896,0.7682072166317373,287.0245940295288
0.6329318177555108,0.4714155563864041,-0.5522230442809712,-0.8323555731042287,-54.01515528546602
1.7547941819843647,0.6060099513456396,-1.280429352496283,-1.5566291735239037,-101.15696162207017
-0.5554771191602547,-0.5309969550018176,-0.6231405264247644,-0.637739984251316,-106.27224136588259
-0.3011036955892888,0.1713682811899705,-0.11564828238824053,0.7384665799954104,9.645986609732807
0.07409478041977519,0.7175422557959623,1.502357052096028,-0.26940683444455776,158.5858137064427
1.3641404299738442,0.5524899544171478,0.22391413406466143,-0.019637798926681216,103.238924485334
0.606850593215671,0.4826878872092127,0.4200944904518413,0.9218015019772522,91.97683282948115
0.4215866106144557,0.49774308909139425,0.6659242520544614,0.23007075919140207,101.94736395737817
0.07748051851886253,-0.21220896990115168,-0.9519184600222356,0.07203686128374476,-89.23440005063335
0.9551423205012383,-1.0592135218889516,-0.06267909727317188,-0.5138669173366935,6.985606616545189
-0.07282891265687277,0.714000494092092,0.47323762457354485,-0.2234627853258509,30.126780868599806
0.8946471875738723,-0.2841550979287972,1.1947628618769377,-0.9858038086678267,114.96814069928406
1.5886269280435958,-0.6141225650083162,0.14098269961206,0.1455211977682408,97.0570877798303
0.02975613949574519,0.6815006973726244,0.028318376130461172,-0.03955515385665504,-1.5004590398156452
-1.0675329142542729,0.42359906559346105,2.062524919243145,-0.955122579349353,77.5851575265027
0.44770856001731496,0.4567532191537839,0.5697672802322039,0.34272534637770413,106.10993337099764
-2.9213504834946074,0.08614388304637476,-1.072139011985607,-0.8275902206487197,-284.2750026204775
-0.4036484632419967,1.0299608175811612,-0.33477533210654087,-0.643549832317462,-86.46657325115746
-0.33708597111803934,1.490726136849952,0.14866745720211155,-0.213442870930208,4.40734167677739
1.0743180127155614,0.0516609768510798,0.22907468820570256,0.9583858198420424,124.75361116252019
0.19894814679649453,-0.42076179368105326,-2.6042138566271342,0.8868873900973003,-189.00064367353855
-0.7699732310586418,-1.2239402667622565,0.03408346825922607,-0.6492775450660071,-68.45563532408859
-0.07159925185806683,0.849102110743144,-0.29396694766418224,0.6955377575657775,18.905508998577837
0.224216404290793,0.15697296096843422,-0.5865312695639355,0.6102161695892225,-24.430364451757015
-1.3200225112207058,0.1946074552372427,-0.7424705856980482,-0.622649361734452,-168.11967868374873
-1.0777447779293061,1.088950596967366,0.06428001909546277,-0.47193186578943347,-55.66789397806711
-0.4118769661224674,0.2544208433012131,0.3376026620752022,1.1677820616598074,74.12035667376661
0.1846338585323042,1.307142754282428,-1.6074832345612275,0.22745993460412942,-131.45055584855376
1.77080063563551,-0.7031764251258874,-0.0349884904969617,1.1492733262856758,133.1045266227349
1.1539007342557472,-0.463161362085399,-0.41142660711600243,1.2002617497388293,81.24196299943635
0.12617790366196718,-2.5322460852196853,0.6820694900626313,0.4359753895000459,95.82075372191304
-0.05576907765770601,0.4190190093660452,-0.7050118557584089,1.6725723868377034,14.797677949558388
-0.5624667758942676,1.8124485579969287,0.7077519354554754,-0.6269670577877674,35.73260907415289
2.0923872756854602,0.5951570254369136,-0.8182206832334725,0.09699596499271819,51.71801632308086
0.29815846599052565,-1.8579014513982872,0.6032475005713938,0.22899639245934025,82.5522455228849
0.5576910607251245,-0.31771509675623405,1.2816437950037687,-0.375196380323937,126.63612997228847
0.2668183962954019,0.7441857103150346,0.42154608353656126,-0.23596998721097162,57.99695721289812
1.3728484746765302,-0.3574454228104272,-0.18039168176240783,-0.19003903500149447,38.99196647060559
0.4070522871245351,0.9475264621228578,-0.7728776678236091,1.1241127199860135,-13.15675818773849
0.3649610024662254,0.49568188797260465,0.15041890514357642,0.8700677306887542,91.55995232133405
-1.0147567306928669,-0.20358036010236177,-0.5816809139486437,-0.3791277409874871,-133.35178029314284
0.8936976893891109,1.3305749040390402,-1.1967886464263116,-0.7801991291174627,-91.49594806686862
-1.0243876413342898,-0.05952535606180008,-3.2412673400690726,-0.926930471578083,-403.1913847519948
-0.8767737812118448,-0.5336003064391669,1.2208212988130478,0.5002404694365699,106.74695938142952
0.1704162223754877,-0.30246968648812833,-0.38817681854122876,-0.6134026635409398,-81.8893056087914
0.6021183203924835,2.411676675578421,1.5163940552535728,-1.1302037246739238,141.87055190963756
0.8623934723827588,-1.3796181647889305,-0.6267172245899651,-0.971656734541286,-87.12429945353954
0.9640871682883573,0.45353430151397983,-0.24415663529064868,1.613711269058647,110.19553628275258
0.4865016438262019,0.5296927543567308,-0.07049877805909122,0.056649924897107164,30.347301373728676
-1.0257526836402773,-0.9379255765363989,0.216624975404619,0.33855287628591424,-34.165094920039074
0.4794415180860639,-0.24149744587077882,-0.061764199860128925,-0.2561797524953801,5.604742624811249
-0.6568942789713957,-0.9716140385106515,1.2004139079444254,-1.3471262895296965,-7.657056634703018
0.32579631658216646,2.589563642018614,0.5796331732135757,1.1873860515647512,155.5703627703358
-1.1267674689098053,0.4477169258102776,-1.5708761520684993,-0.10730214400422888,-224.45530908319506
1.702214944635238,0.02127157673606165,0.3088330125989638,1.2382830714336357,173.1936405486724
1.5379319184125528,-1.1482632887526183,0.8187776437548606,0.8113965544915921,185.38547111679665
-1.244654703311417,1.876795812558066,-0.773789199103573,0.41343490322370086,-105.81299332971719
-0.09917586377938291,0.8724573282801447,0.650201177958661,-1.2803043986708944,2.6638180092413446
0.7906255991627686,1.0075136898369221,-0.684629825760004,-1.8665399513606162,-90.35804318493106
0.4430021304473752,1.494938227453236,0.041325632270618466,-1.7312013034449254,-50.7390193906856
-0.21398884422550896,-0.998354040738791,0.9843223984765838,1.5505004928140769,132.71915656106307
0.3796396483859655,0.7105491022977853,0.42934082280173436,1.3934545275244314,138.96686808363768
-0.32602353216784113,2.075400798645439,0.8711247034316923,0.2897748568964129,84.41520018742166
0.47704082722312147,0.3465038817307158,-0.04692057887918407,-0.46770120131189136,-4.814047090096916
0.8271832490360238,0.3411519748166439,0.27669079933001905,-0.0771017094141042,97.07658118925355
-0.8567720938267928,-0.7837535211244283,1.7349365758368085,-0.2885486958757048,101.11793933436239
-0.8318222082304447,-0.6905410523162594,-0.9161919154812425,-0.7837656655863965,-164.63658312062626
1.4872461553359273,-0.7157599891107518,0.6820520657126199,-0.06717829004935526,105.6216927258226
-0.8170886310681906,0.21329370737293857,0.0012054753622242368,-1.8936146669537857,-128.4368862232878
2.067906338163552,-1.1738799644089726,-0.19793772898468187,-0.581782033392054,44.886478067836954
0.01840163078343813,0.32159321133923857,1.7549330716472415,-1.514470309180767,101.05748784185715
-0.4776574467651167,-0.8560838259088672,0.07156623721939247,0.8303358165442456,26.455754144353158
-0.5622875292409727,-1.913280244657798,-1.7249178325130328,0.24196227156603412,-207.77191303379834
-1.4247481862134568,-0.22577630048653566,0.06752820468792384,1.465648768921554,8.255086798022656
1.6291663649009451,-2.4932708203300775,-0.965664803523208,0.5027448074908146,-0.09937523103289436
1.2361307218062179,0.9262154022415924,0.9653974845911707,1.42274813609994,245.57337283716706
0.609138120907177,1.2360931752104374,1.091310120594269,-0.7355299425897666,111.48912312301479
-0.42098448082026296,-0.4325581878196209,0.39445214237829684,-0.48760622407249354,-7.675915770051557
1.0571222262189157,-0.7198442083947086,-0.4606387709597875,-1.4785219903674274,-73.6852126970996
0.4919191715065057,-0.5769036556624031,-0.898414671348358,0.9504238381860503,-28.50346851823182
-0.45709625658627184,1.772251596669744,1.66125921454787,-0.027514905050636255,157.5270192264605
-0.31607285602704976,0.1973157074055956,-0.6176518954343502,0.08865759096143744,-65.4879759852925
0.5346290861224353,0.38961417737090387,-0.8682927318763665,1.8709651753717822,35.07226438938687
0.12354769595558233,0.885231482988991,-0.5923559556520536,0.6255080168310357,-20.300973221774974
0.4720022709192744,0.23940450053537707,0.49968511030293383,-0.580053241370043,46.787515667245586
0.3824097461840506,0.6748194921666038,-1.1227220215622986,-0.04946370965243295,-85.55215919543095
-1.2551353719733949,-0.41361566562964275,-0.4776455826040052,-0.38769991640856116,-131.8938914644006
0.054934110999848726,0.9184544439424138,-1.2457173764463845,0.975816719344709,-83.29620347689269
1.2477420726737338,0.8949243769444413,-0.2949496782920278,-0.7184072655691974,16.07005928111836
-1.2208436499710222,-1.0577109289559004,0.822544912103189,-0.013497224737933921,-2.7894004910328434
-0.05023810944913695,-0.8309501164110378,0.2704568257798388,0.04852162794482699,18.978195408910093
-0.668144085538994,-1.4382779783173667,0.9192289345752035,0.11327041053776446,56.75308472189823
0.05119790188108534,-0.6273134459513029,0.04522270899998256,1.1806409124521446,68.633859829647
-0.2811002928859549,-0.6819842479977986,-1.0016200098949155,-0.24717738252059693,-127.68252459875494
0.3946715298229811,0.5885784044206096,1.6699045043514062,-0.5805234498047227,142.28415195584228
1.5615111967268527,0.2992925804064919,1.301741289398798,0.742095372009307,225.66402792297524
2.4929995174327906,-2.152890592952483,0.3885786045309641,-1.1033666061738736,89.07079207500178
-2.211135309007885,-0.21910052880886424,0.8294055811834892,0.32692737376416264,-20.8454866184505
-1.2992163634458243,0.12307820165618115,-0.1131280525157404,0.6405429350747734,-47.42363341579372
1.3454200461549777,0.4714683571359957,1.8820244964750337,-0.7904744554453119,219.24250961740398
-0.7673475628880495,0.9592708260852069,2.1531824575115563,1.4511436077950417,242.31586754575594
-0.810252437014381,1.1647393544571714,-0.7345915767980492,-1.6151318159055095,-170.99712670993685
0.26028050658288615,-1.3260476860820383,-0.413465161123276,-0.35976864578908574,-51.28156354817179
0.34005129456889044,-0.2797601684958344,0.7903718960517113,-0.2789629303318085,89.51688560390862
1.159329803364248,0.44426331148603976,-0.3609661658190799,0.7109599682034915,63.13602220048814
1.3035079319347591,0.017613251933657315,-0.97536602727825,0.2257615231117544,-5.826628987287277
-0.8369207037962799,1.4526167454861794,-0.9163209190734197,1.0651719657143865,-69.82608261038507
-0.15129922023252232,-1.1071568168024517,-0.36550593698526584,1.2960630617813962,21.216885678196824
0.3216978061960136,-0.29027454418865134,0.26739231407190295,0.9190764829877686,101.759341959294
1.1096998419562232,0.4891871301476635,0.6347214685617699,0.3506300992735592,135.5635424693402
1.7952113559123222,0.8876554258738361,-0.3206676255571917,0.5345056484805503,85.47012360091972
0.2034636358672231,-0.9555404406004258,-1.6064463202575725,-0.12791759148076653,-156.96914523370688
-2.4878086565350794,-0.2880388739220764,1.4185313451480366,-0.6277339060845056,-22.985498555014733
-0.03564148229748357,-1.356581804623405,0.46642998243352635,0.2935579321666293,36.52271630085951
1.5380365664659692,-0.6451197546051243,0.36139560550841393,0.36163602504763415,112.60987896852329
0.6351718016819695,0.3934853854217496,0.8951932200277323,0.6982233136135899,167.5366514371622
-0.0350076100062359,-0.18256897437954112,-0.9899577925520139,-0.49693202511797824,-136.4634852670815
-0.2628908292082677,0.7846042878980238,-0.01926037973439464,2.412615421612916,115.6505183992611
-1.1300693390403578,0.7505791675217656,-0.41619440488525394,-1.5171736966716791,-178.07718350519795
-0.9425580057918763,-0.13006029355362003,1.669069525826331,-0.5561187467607805,63.19735525158903
-1.0158788269899783,0.21209335307417523,-0.9933586995819507,-0.1643352058853912,-145.68740244193805
0.05921843401448826,-1.1065259087416703,2.5733598032498604,-0.26888869055483056,228.3613960487119
0.9755451271223592,-0.3092123758512146,0.33126343140356396,-0.8392175232226385,34.22709237388419
-0.3256110521485036,-0.24066517453021302,0.007880184694728152,0.25719897035592737,2.2177817831492668
-0.19102776260016902,-0.9943493746085122,-2.5623336587953105,-0.22859991534001858,-287.4367825909255
0.852433334796224,0.18645431476942764,-0.661786464768388,-2.025142586657607,-113.64471438349538
0.9567023167945841,-0.1524698363805439,0.7081086766885905,0.1335409047822823,115.96865587843493
-2.8722622132816493,-0.5327008396619114,-1.169916835710288,0.5136001065697166,-240.73660691744024
-0.933267959073196,-0.15852957302697002,-0.02730453950993186,1.1965715016644913,5.955598522927282
2.006092888159123,0.18455130319703697,1.5421099525678756,-0.5642475986573886,248.5117401466063
-0.06418817710849775,0.7450053128772811,-0.19469729611668168,-0.7188323876087304,-47.851193889361376
-1.9689231424160831,-0.4482246163001494,-0.6922503292658964,1.2528426344274837,-111.54547139339338
1.0143700650181304,0.9826909839455139,1.6654744444625766,0.25602973431387566,231.15051519372855
0.31965182591897723,1.192507512477975,-1.7785875840065168,0.6802161054504494,-119.190511318734
-0.03757064497948127,-0.4114931445621802,-0.08923415422144892,0.07268052432934134,-3.3034257821819937
-1.042044412243103,-0.6497652268482671,-1.2032008553891445,0.8745170741325226,-138.81047451506726
1.8260097135469362,1.0399046873960764,-0.6056155397368641,-0.6690727386599166,2.721315633996033
-1.066234931899225,-0.6382827265284942,-0.8153756283161211,-0.8319549174944512,-173.61753878408095
-1.5031429531181062,1.669021525289393,-0.2595913513636048,-0.3357846992901282,-109.46858077343053
-0.8372624310497003,-1.097302527632844,-0.5888668267386961,0.2167755637626291,-99.87231473108898
0.6103702654334648,-0.5601810401969696,0.7472936051232618,-0.8289950109220723,56.24117812492099
-0.9483480042242007,-0.8950698422766047,0.5972282182533848,-1.1755946056248516,-55.35423745749424
0.73463754545933,0.3958197810959231,0.6928557558178116,-0.17909328501615626,88.59168846477401
0.9312801191161986,0.6116762888408679,1.030999522495951,-0.6769220003059587,127.85565069623642
-0.23458713337514692,0.26105527217988933,0.00511345664246089,0.29612027706457605,20.922644034010577
-0.8972543714858315,0.6283455092642799,-0.012246772846914623,0.6241198170521551,-3.4366202418359073
0.7307641190665245,0.8925973382993092,-1.2111719292807812,-1.9701038177118355,-176.821303869263
-0.9797212247168068,-2.128734094414812,0.4581681147886987,0.0785770297191498,-21.980894032472676
1.3289333195354096,-1.3122191934314063,0.6220699903060487,1.0817667276728287,179.209284802317
-0.19382613877280352,-0.9399031011088647,0.8294748419317485,-0.7691423497872982,27.947154783032893
-1.1716543473175618,-0.37630072492499606,0.018819049740598424,1.088769654216672,-7.799920036484229
1.0237095461069814,1.090980425185967,2.012270445700765,0.38680852068920263,279.3061327565674
1.0706105599791862,0.8555556590207121,1.649480894323921,-0.7068925679873489,157.1184975042039
0.27902152577033923,1.5774532797634744,-0.0952955323869521,0.24938368371075526,24.645393348518624
-1.92767257934561,0.3687331473175197,0.39379729821625153,0.48206672733538614,-25.47729505985028
1.1484457091967548,-0.7517910500951843,-0.4263575962055433,0.29875290836568624,31.507670908927725
1.2235688824186275,0.3891591956679287,-0.053120653017545344,0.3721054726068629,77.29386493380561
-1.46752526575244,1.5490201514951873,-1.2391070756539009,0.1018562952619867,-180.53706602596776
1.7025146581296056,0.6927227551168594,-1.2693304965466992,0.22526411724754952,-28.151743302861256
-0.5132135664715852,-1.0021874557814727,0.7408243454201259,0.04091917539572113,43.89129414449454
1.1398785611290454,1.3175975356079597,-1.0065425652796411,0.1684609762696143,-22.92063142324374
-0.05429486651781221,-0.2727235697476705,-2.6968866429415717,-0.24574306408594432,-271.3842819698864
-1.0196643386921156,-0.3340772309799405,0.5646059258936003,1.1243533598705027,33.56683623883681
-0.43745830032341043,0.41953244390702776,-0.8874921778021001,-0.12094814860778157,-109.89586906059483
1.1126883749899252,-1.3526702858435344,-1.5223591862178911,-1.0293715081820716,-151.9648503931839
-1.889649292096153,0.3631156277445234,0.3111099911431952,-0.6082265074447593,-94.52017152862436
-0.9181269834165748,-1.2935076252040958,-0.695694877197064,0.07125374991089249,-126.72335589363833
1.188393273448084,0.2237879516388985,-0.016422896072752075,-0.5176112990361714,48.55421274655871
0.6045153263553668,-0.0007085945766459172,-1.2504077339697175,-0.31305803052315434,-115.5287427734554
-0.5482872964906009,1.2358116200069387,-0.15589817793666752,-1.1165244399486591,-89.93703032502064
0.1941076309533577,-0.23052462518025083,1.1797252083607102,-0.7179188907476018,95.21786060020922
-0.36920720044744615,-0.8966422273152082,0.8419836954521269,-0.11066536855732945,45.730497229157216
1.0819848092499422,-0.7908993816675531,-0.7798529462216388,0.7821300015314592,20.67290223930621
0.5389100436846587,-0.8612842013282637,1.5231240772696573,0.0773683076476183,190.41816236524252
-1.4400508825942944,0.015579047581467534,-1.0962750868952018,-0.1730718242838696,-184.3798186468694
2.1451491277733883,0.27899416222380197,-0.8353470532597573,-0.6734906242438685,-2.365343265988029
0.3696421921980939,-0.33381948975600995,1.1731246375866413,0.6969544045107356,174.72123091276904
0.8890371222798921,-0.09791524644290406,2.2724347204468818,0.5222506360177785,284.6622813964204
0.49799829124544975,-0.7730097838554665,0.024510174258942714,0.09767609854883172,32.270988442688534
2.076747983560841,-0.3492577043184288,-0.3216350512173826,-0.3486521344078592,36.188936300611545
-1.100154232971695,-0.6172531865469232,-0.5583017539460305,0.8389405004696122,-68.02320498867253
-1.2961166642498945,-0.3519213178165091,-0.7699960661974573,-0.48720292119492714,-178.58373245949733
0.4241659464019164,-0.48388583405432156,-0.32034730819432017,-0.6514180036144483,-45.82483717932137
-0.32483138350862245,2.2524358053443088,0.9817654869915943,-0.6881503451777238,62.42157115027694
1.2189707897936632,0.3099989831655551,-0.05658848889989584,-0.1858457521927473,59.100876650364185
-0.5574230531083212,0.18142662011397137,0.5950294658355647,-0.4561208274741882,-6.036072388624923
0.23878915902651351,0.43004164719106963,1.0302834540318422,0.38193545223155334,133.7450507407378
-0.20367375017696587,1.2269332238843076,-0.10015407647995278,0.7660802783846903,35.54379556747467
-0.3493167961181975,1.8381836767951225,-0.22346598237185214,0.36728731340134063,5.420985316084504
-0.5426737997340217,0.5008444749444569,-1.801057734152739,0.6380511014407572,-176.4845295655211
-1.232523314768509,-1.3671378064602457,0.8481742126666681,0.46320629209912306,35.94930273130075
1.0235306441853447,1.8972886947731116,0.1566937282465246,1.6957228778108653,161.48552955197766
0.4966992232365217,1.9583474542205939,-1.2295495944524168,1.100959634998571,-19.509013252056878
-1.151014083619507,-0.29660745906979835,0.241321934916781,-2.529560077694303,-162.20458540698328
-1.3717431292635056,-0.7097889922335351,0.9788895585567792,-0.6143231440962944,-18.278962702712114
1.5944423917491968,-1.2390527025266425,2.095843501809159,-0.10343122429028392,286.90318832027106
0.645215585950057,0.28555407485765694,0.5211224283793383,-0.05489400061628639,92.44326986714154
-0.8392096673390064,1.0725073373098022,-0.3649527295428853,0.538296079049633,-36.892110698060804
-0.14700200162848862,-0.12982069973342616,0.0438114719791096,-0.1852876588777083,-13.006265414217568
-1.6548566718657693,-0.42688106994742003,-1.0121043752601675,-0.15800789857898942,-198.1423631282898
0.5725827813561586,0.6408428612670098,-0.5711789897827968,1.7976865268495226,55.8632045655998
0.4875602970867186,1.1717179147161596,-1.1761733365547806,-0.6701152004542329,-114.80463350095572
-0.9244659881295544,-0.36650702036805183,-1.703871586826719,0.9514492770580866,-164.64101228517282
-1.6127158711896517,-1.867265192591748,0.6862601903745135,2.3146585666735087,77.1437631777672
-0.7143514180263678,0.23225369716100355,0.29307247329868125,-0.6800247215784908,-55.661755260661394
0.40865281148067084,0.14338846734225108,-1.77623523289832,-0.36927713924620315,-189.9651150233134
-1.1246420918378692,0.514438834058749,0.7116148780888898,0.12029563171189886,18.229758827339346
-0.6078219870944325,-0.11806852699107874,-2.1218548990085946,1.3171150673398653,-197.13737809402977
-2.246889333984605,0.058022734808395225,0.8484308822052846,-0.04282338131157488,-35.01042428373281
0.5904220612514635,-1.2578681559088878,0.7313802525749924,1.1927351654164144,165.4529384434828
-0.8866809222834573,-0.3078084711388841,-0.838585798447231,0.4086073077017676,-100.2192440276883
0.743264094022715,-1.7101683926566256,-1.348185422105713,0.3078017688920592,-97.06797410943938
-0.09884520123930605,0.5697603571986469,0.19548173155329082,0.4914294527201998,54.40637478396103
-0.513196364513396,0.22054142701386686,1.2179591523055584,-1.10486279306252,51.995942236767675
-0.03850846950070721,-0.45888426286894,1.0786808334312956,1.6839276914578687,180.05901729282746
-0.6355578414044034,-0.5495402745955349,-0.11676591579524663,0.9153902755601617,9.496588282104634
1.1945922205137307,-0.7567639770159263,-2.1899217049785533,0.23278674294016363,-156.89492536626415
-1.1896666590903613,0.6197114459661363,-0.6353623888256293,-1.876552706041874,-202.10176994192835
-0.28487549336967083,-1.5486182988637467,-0.4911537471421047,-0.1767741631157821,-71.59348607083355
0.22323891412915967,3.1377485336599937,1.0560568090660518,-2.1356742139786955,32.88835184829374
1.6554071130882952,-0.7557915001583629,1.0487071264165635,-0.1942691319785193,162.07244803394696
1.8540925663341883,0.6308116845547775,-1.024186824329205,1.513449743242131,77.21723920058596
-1.3554475031122892,-1.6873443471107104,-1.7938924978678903,-1.153332403205745,-303.3481364585471
-0.2950899142379063,-0.9186865114860944,-0.4173668136050844,0.5555126463422483,-48.978982055088856
-0.8729610904537004,0.6464895377257707,-0.21566763754763232,0.2314459225255723,-51.28491898957192
-1.7684393655628516,-1.1196174332890112,0.14088624691120394,-0.4888494217862741,-118.0411000869071
2.632382064837391,1.0536417966078395,-0.949398888831943,-0.9758732529773327,18.542530612227296
0.4591800792284367,1.0807807255546218,0.8339221545489041,0.5597904479310398,143.69932762729192
0.8563987943234723,-1.5148472246858646,-0.4465149520670211,-0.846793718068405,-51.255265402496065
-1.0858251288851855,0.0341524174880246,-1.0872459388628026,-0.6757080791616118,-186.36953662501037
0.28872366282502326,1.2723535001067678,0.7324921027798023,0.26402008133367,110.83808197531687
1.5280313593878327,0.1722543864110375,0.6715311717290534,-1.1793691216326172,86.51658826217674
-1.5678594253654559,-0.035825578706462934,-0.531454551359215,-1.1115802495135512,-199.3111044243697
-0.3853135968617602,-0.6002168771587947,0.06980208499001891,0.19905969557347003,-10.09198949573143
-0.8028244439508423,0.13906039865341766,-1.5769964821909972,0.861636124497944,-126.47534582964033
-2.296180953137238,0.6012067489291149,-1.4438548161335418,0.0005279588565972928,-242.39249825188054
-0.752435237353035,0.7760279138434754,-1.0022170189267248,-1.317131919946585,-213.18813705342487
0.152354872033722,-0.409282438113104,-0.5240883979345925,-0.6947131310890582,-82.04284317035575
0.35561334878566,0.47240627788037737,1.484116028535965,-0.9564363768180087,117.3866446328083
-0.38851845308888583,0.19473619471877485,-0.018708756445897416,0.655900776529761,22.29893954438109
-1.1062935124116342,-0.23655528721894603,1.1356201471829441,0.9321915642603847,100.46795945141156
0.5432980290363879,-0.429405541125253,0.12229750303228377,0.12522450264790727,29.36902698417701
-0.7991920066502536,1.3748764191481848,-0.6459641791245353,-0.18289644110484016,-102.59719139906738
0.8297324178791745,1.340461051790348,-1.2995812369275976,1.673452090298537,6.678366453379516
1.0269862633197322,1.190548594343596,0.2125740306322149,2.1650560678066024,193.8413324332146
-0.2081168572725397,0.10855970577652314,-0.0332299906444608,-1.1437262073206618,-56.92941836778972
0.3011073391917421,-1.7858664919341112,-0.3596296724524624,0.5731278132412001,-1.049248744416305
0.5629692366905709,1.9094166404701305,-1.3985675738191412,0.9261775475316414,-29.052546739580592
0.15946250680412918,-1.60027110450371,-1.2172826922204794,-1.388542553831211,-187.86077533918385
-1.308820399119112,0.2773769379581917,1.360658595838651,0.05993263026632825,69.1009336014597
1.0715431522348857,0.3113086734428849,1.6999573745763805,0.19729226563120644,227.39328068670937
-0.8903178480198718,0.1755362295785979,-1.8437935834807457,0.30170000890173554,-224.00944538706486
-0.8661748482145009,-1.0276751409259581,1.2657078408647007,0.15985639199740037,65.62894723328509
-0.3095464393139903,0.6159356069442637,0.5931012579683838,-1.0810633275998973,-2.4614495860509935
-0.3084827884558197,-1.2585049106753345,-0.21701705042437042,-0.7095798547491726,-110.57097233183376
0.7003098794089914,0.1848361236948739,-0.8583577801812136,0.4933179008808892,-45.95375638383062
-0.6469367777055739,0.9246336829127688,0.05963036992017413,1.3993554365860021,50.393211170211984
-1.4358621511794394,0.13074057728609134,1.4412732890661155,-0.44004448669698376,38.50543603117942
-1.611567359102828,0.22423474453529177,-0.3464265060068996,1.855503314794263,-19.61080583576828
-1.3516846056163336,-1.4066610968482223,-0.9232332461109043,-0.6115178029919482,-198.83705845023854
1.0697714549838502,0.5827375831738644,0.4968735905075971,-0.6220348055543814,83.97517239832283
