0,1,2,3
-0.10986889,-0.13425534,-0.29259279,-0.54534026
-0.06693028,0.26636737,-0.15075925,-0.1687579
-0.58092404,0.23657424,-0.20021651,0.17642138
0.2479808,0.33014411,-0.00857295,0.23234217
-0.14049339,-0.16241778,0.10673035,0.090418
0.34083458,-0.05284366,0.04072999,-0.10435453
-0.39635372,0.14570172,0.22415567,0.06967293
-0.19640982,0.47981008,-0.04569676,0.02587047
0.05381477,0.08772235,0.5480514,-0.23369702
0.08741177,-0.3977573,0.15986528,-0.04060033
0.32537166,-0.13455036,0.43661775,0.30830474
0.07616228,-0.09833576,0.01641884,-0.11676177
-0.11893571,-0.16797328,-0.03918057,0.39865604
-0.41189635,0.45765429,0.38291362,-0.15446947
0.29064655,-0.18855491,-0.26709404,0.09796518
-0.2599069,-0.18406791,0.24772682,0.12907674
0.0416091,-0.19854144,0.05805681,0.386019
-0.26306976,-0.11672827,0.11758163,0.22499109
0.21547266,0.17470473,0.51695185,0.32424998
0.1402244,0.12968184,0.19302967,0.07304661
-0.2683701,-0.19787365,0.36389134,-0.02781309
0.20476848,0.12503418,-0.09679954,-0.18189733
0.27820615,-0.08300482,-0.36431546,-0.01633559
0.04945063,-0.08312695,0.01972033,0.06005448
-0.26688233,-0.03207754,-0.46515083,0.27088246
-0.02727058,0.05777679,0.10050988,0.18602337
0.08861971,0.00366915,-0.07515078,-0.0591312
-0.67564076,0.19361852,-0.15351103,-0.05501784
-0.24862174,-0.0645467,0.17192702,0.19615441
-0.06945464,0.36622928,0.0604608,-0.11977569
-0.01584016,-0.41766477,0.05402814,-0.21011939
0.36460775,-0.36315114,0.20083617,0.1529263
-0.14539208,-0.30679799,0.28304148,0.18157843
0.11490988,-0.38583895,-0.11027441,-0.04213167
0.20878963,-0.6116474,0.15378136,-0.1989656
-0.6491429,-0.19062474,0.00423766,-0.27017026
-0.17960342,-0.06703803,-0.31896231,-0.03382475
0.3042378,0.20833574,-0.14241954,0.1113902
-0.08972659,-0.10882569,0.26120284,0.05807659
-0.04497048,0.18379446,0.26217786,-0.49049653
0.13147583,-0.71321027,0.227323,0.00190205
0.16861837,-0.19241364,-0.56370293,-0.14382647
-0.10944304,-0.13342535,-0.42635298,-0.23553504
-0.00325191,0.1275544,-0.43772207,-0.6343383
-0.19301251,-0.13778841,0.10337993,0.05660718
0.24890133,-0.0466638,-0.04334057,-0.12492033
0.63215377,0.00590236,-0.42909245,-0.20006626
0.01170208,-0.02286922,-0.20564776,-0.20535204
0.30891603,-0.26047452,-0.45497792,-0.0553623
-0.32832955,0.16948954,0.44269348,0.1513583
-0.32834372,-0.29464676,-0.12689739,-0.22980587
0.38569297,0.0751918,-0.05953678,-0.26592359
0.34368948,-0.08385024,0.242024,0.06099576
-0.05887565,-0.0632773,0.41814418,-0.22801134
0.514352,0.32591032,-0.39258949,0.18669291
0.28906487,-0.18202555,-0.5719718,0.50575069
-0.50396391,0.06840922,-0.24175306,0.05314926
0.50047954,-0.40406807,-0.51890914,-0.04582876
0.00304703,0.02814067,-0.38025899,-0.19312829
0.3047626,-0.23682318,-0.43082608,0.36309114
-0.32190353,-0.39670777,-0.4622803,0.26101221
-0.08660961,-0.33066258,0.81896837,-0.01568507
-0.66058014,0.07722032,0.68202144,0.04283822
-0.32667996,-0.56137141,0.65718941,-0.32100021
-0.25091742,-0.54571381,-0.10900353,0.23184285
0.4295463,0.21433597,0.03260766,-0.20115901
-0.44133197,-0.14662784,-0.09325641,-0.24195969
0.12338292,-0.09849474,0.22435246,0.46777113
-0.14867097,0.11181838,-0.13101554,-0.1535644
0.09749053,-0.36945818,0.30301368,-0.07980412
-0.03536236,-0.47465939,-0.04105817,0.40515151
-0.19028729,-0.09535299,-0.49892007,-0.13432278
-0.49263678,0.20639497,-0.1371605,0.00731668
0.18191463,0.19520893,-0.14064193,0.04331371
0.26648136,0.01543339,0.69898169,-0.24354113
0.14921765,0.01583429,-0.25456319,0.15269967
0.0696725,-0.28575395,-0.10629277,-0.08528434
0.73348859,0.18820235,0.37678217,-0.16413263
-0.06372002,0.27045122,0.19963387,-0.80354152
0.00100084,-0.28972074,-0.11337796,0.14902478
-0.39145356,-0.18268222,-0.4247443,0.51799367
0.48560515,-0.30612972,-0.23970385,-0.36154585
-0.26541384,-0.44022291,-0.12572791,0.19369692
-0.37085905,0.04937001,0.2122158,0.07744669
0.19520364,-0.10627865,0.08206169,-0.24783605
-0.23910446,-0.11417486,0.50692913,-0.0437936
-0.23905108,-0.11587008,0.05944717,-0.21607078
-0.30006199,-0.39666441,-0.48143441,0.07723652
-0.62793683,0.0051626,0.26207994,-0.06329768
-0.46632786,-0.28013444,0.42774299,-0.0756596
0.40316047,-0.28832797,0.3459426,-0.14507014
-0.41956369,-0.26479666,0.44477215,0.2366769
0.27196923,-0.19670047,-0.04867451,0.33627275
0.00707427,-0.35316966,0.30362309,-0.05516035
0.23854457,-0.27836491,0.00772271,-0.09634549
0.29653548,0.08086359,-0.18820319,0.43505215
0.13171196,0.07471919,0.4005389,-0.31255468
-0.56997278,-0.36337546,-0.63534483,-0.05384546
-0.37289746,-0.3054724,-0.59149971,-0.17547734
0.75190047,0.08352864,0.04275098,0.09384708
0.49434268,0.18846895,0.35520395,-0.15283153
-0.10509005,0.12808586,-0.15625946,-0.07399706
-0.27058079,-0.04213323,0.01958986,0.0928989
0.11922096,0.01178579,-0.25085307,0.12844041
-0.0757834,-0.08637626,0.14211407,-0.18804127
0.06643552,-0.02903477,-0.29116645,0.31113158
-0.48075914,-0.20354089,0.20053619,-0.1978362
0.11475584,0.08162757,0.33625349,0.03147976
-0.08691476,-0.29638156,-0.12503291,0.06786021
-0.14738264,-0.06218869,0.84117389,-0.42599897
0.26578431,0.09924008,0.0610087,0.0646192
-0.32525193,0.48817189,-0.55572993,-0.18821832
0.21413681,0.63661542,-0.05737248,-0.40078614
-0.43017761,-0.2298831,0.00359072,0.44010742
-0.04992452,-0.12141952,-0.31219202,-0.33912995
0.53458658,-0.11995625,0.58722578,0.1826006
-0.0725548,0.1578191,0.16199489,-0.05036773
-0.16633179,-0.38857158,0.14191999,0.14385298
0.09387412,-0.13007607,0.24224589,-0.27576958
0.04627122,0.33172515,-0.06001371,-0.06265746
0.37349505,0.24995118,0.28679988,-0.11399752
0.29489525,-0.11571733,-0.5269802,0.48170106
0.082706,-0.17039232,-0.25080988,-0.18486686
0.21092797,0.26295519,0.28343372,0.03477015
-0.03883309,0.00588496,-0.22436509,0.02401462
-0.0978409,0.2471455,-0.09091946,-0.38347394
0.83290338,-0.09565163,0.3590692,0.34749184
-0.5272173,-0.06014713,-0.2953036,-0.32110027
-0.06035501,-0.70129046,-0.05542535,0.22336899
-0.15900321,0.28255129,0.42411978,0.19571179
0.27463361,-0.02364604,0.22027251,0.43274104
-0.15944542,-0.19685139,-0.53830598,0.42602491
-0.29702194,-0.27709994,-0.72133073,0.40814524
0.01923194,-0.07407378,0.38675118,-0.05322777
0.07580052,0.22991384,0.53495794,0.23518859
0.71274174,-0.53478332,0.22863396,-0.454824
-0.09452008,0.35604105,0.49218627,-0.05252596
0.11065252,-0.13930099,0.02294585,0.30455052
0.16846075,-0.28026171,-0.11660961,-0.10874529
0.60381061,-0.03276912,0.33036596,0.32110399
-0.05296046,0.1463725,0.08064723,-0.22874614
-0.37342233,0.08553456,0.38829153,-0.19140042
0.22552395,0.41694726,0.12097348,0.47233531
-0.17041729,-0.24259462,0.07521926,-0.28821174
0.15124305,-0.40922106,0.12896409,-0.5828177
-0.19348728,-0.22421056,0.32017612,-0.39153173
0.02351716,-0.11399007,0.0426589,-0.55328035
-0.02071709,0.05691966,0.29277696,-0.03012799
0.71584823,-0.17568717,0.31342385,-0.05910402
0.07868804,-0.19012592,-0.74897247,-0.06650783
-0.12336989,-0.14474165,-0.13546639,-0.36090433
0.56793553,-0.32088473,-0.4632707,-0.21297086
0.10133324,-0.28542392,0.0817197,-0.30065622
0.09929969,0.01735392,0.23588891,-0.14562088
0.05936927,-0.44046356,0.49805406,0.44045408
-0.43527343,0.12490945,-0.21252951,-0.08255888
0.21241864,-0.25809995,0.11030731,-0.37343535
-0.20433174,0.32077012,0.45804289,-0.18894216
-0.10730728,0.41406931,-0.06725329,-0.42604432
0.12614937,0.02542599,-0.38363343,-0.13067417
-0.54560197,-0.26471066,0.22429479,0.01253371
0.49540694,0.20687821,-0.07004974,-0.26531349
-0.15550487,-0.41282179,-0.14772959,0.13135202
0.14532745,0.36783497,-0.14088451,-0.161928
-0.33209278,0.09331307,-0.27366638,0.37585629
0.08993094,0.01333895,-0.56283344,-0.26508383
0.25021279,-0.08620975,0.10693421,0.4066714
-0.40701905,0.14592507,0.12863529,-0.27810143
0.03273208,-0.37870913,0.2892615,-0.4078327
-0.29771238,-0.125478,-0.30103966,-0.0186775
0.30513941,0.28336271,-0.00683328,-0.1252897
-0.3847641,-0.21742282,0.15701678,0.51986565
-0.53267715,-0.13923428,-0.47655428,-0.423239
0.03861974,-0.04784885,-0.03136811,-0.01993415
0.01411227,0.10836584,-0.00810016,0.09654225
-0.40271588,-0.07219982,0.3569825,-0.60677886
0.05692561,-0.23722217,-0.33973251,0.13231813
-0.31233357,0.40178974,0.63690678,0.07196102
-0.57329973,0.20559787,-0.17058013,0.15227389
0.4406018,-0.12694852,0.46857652,-0.05178651
-0.10203621,-0.31007874,-0.02463156,0.04993333
0.27098833,-0.14665909,-0.80071291,0.02101539
0.79236191,-0.63732602,0.20438222,-0.17757112
-0.24045359,-0.33644127,0.11089695,-0.36575032
-0.04894033,-0.2099454,0.2873607,-0.01063666
0.48095898,-0.05140278,-0.15972731,0.46285298
0.29246309,0.58999308,0.00863376,0.10140644
-0.33789702,0.13150643,0.19949139,-0.11254235
-0.08047826,-0.48262982,0.14040213,0.1567873
0.83530641,-0.05086481,-0.26054638,-0.40081496
0.35217072,-0.22243628,0.00300839,0.43386751
-0.19587327,0.12259877,0.16938885,0.24973994
0.88308337,-0.27578243,0.89744418,-0.12427243
-0.1981098,0.37776742,-0.15365908,-0.47968204
0.40512177,-0.26838837,0.21028548,-0.10465251
0.17828415,-0.08893459,0.03986592,-0.22249567
0.49586815,0.08793109,-0.06242491,0.22198162
-0.10237631,0.0069588,-0.24730096,0.5175851
0.10724542,-0.01645257,0.29754458,-0.01226174
0.51566656,-0.18229894,0.19194659,0.39646464
-0.11766987,0.0047131,-0.54169941,0.076095
-0.22570241,-0.09103265,0.11121378,0.35626808
-0.09650148,-0.35828629,0.13563649,0.03481138
-0.07414424,-0.30056349,-0.78761168,-0.08141303
0.0731554,-0.03635389,0.28891677,0.09499442
0.30916441,-0.04566376,0.44517457,-0.20761382
-0.29060717,0.29987459,0.12511285,-0.50644897
0.37500751,-0.10321628,0.12422654,-0.1810436
-0.11642108,-0.48216721,0.65082852,0.09193962
-0.34526059,0.02541469,0.39496338,-0.16603166
-0.22978264,0.47348026,0.02937866,0.17069924
-0.1461015,0.16923987,-0.42228104,0.24556903
0.30492436,-0.15893028,0.21431265,-0.08127523
-0.15716638,-0.08274745,-0.29573113,-0.04043384
-0.06166345,0.28637403,0.33351061,0.21011697
0.32062558,0.28006238,-0.05780575,-0.04265834
0.53108782,0.08331315,0.0258422,0.00028764
0.12835454,-0.02862303,-0.18672027,0.09690225
-0.2133879,-0.11914989,-0.23041256,-0.09947632
0.36633301,-0.4424606,-0.16089175,0.06783694
-0.34811282,-0.20305142,-0.2807475,-0.17517184
0.44485071,-0.11830318,-0.06157212,0.35401618
0.02209166,-0.42484938,-0.08277502,-0.22879528
0.216077,-0.0714739,-0.18351513,0.12620868
-0.07318308,0.04553063,-0.16085232,-0.11320568
0.12360923,-0.09576106,0.44977747,0.18921877
0.37936936,-0.10204149,-0.12932862,0.09360927
0.63288077,-0.3371995,0.16211829,-0.27455597
0.15026845,-0.07085967,0.21656773,0.36878972
0.38856795,-0.22364185,0.15279211,0.17222115
0.12024848,-0.20853212,-0.1514115,0.12277142
-0.01575861,-0.41054478,-0.02802139,0.10517227
0.13115581,-0.13947482,0.18218175,0.04923521
-0.02187235,-0.49034988,-0.23934952,0.01808739
-0.1916837,-0.30419077,0.09332942,-0.50219627
0.57067878,0.02640568,-0.09441761,-0.45452233
0.29930923,0.10633998,-0.33130325,-0.11812183
-0.15562707,0.32258204,-0.29035263,0.07556161
0.36396282,0.66106817,0.19527822,0.05433247
-0.29082577,-0.169028,-0.00883809,0.46498618
0.08660943,-0.16980076,-0.14680793,-0.34614742
-0.18986765,-0.03328232,-0.31739558,-0.16263415
-0.14324872,-0.2455552,0.01174986,-0.08786953
0.16677125,-0.29358588,0.04691794,-0.38162507
0.47279647,0.38814344,-0.07430265,0.2920091
-0.34054849,-0.24432721,-0.10195097,-0.40041568
0.12332645,0.0620218,0.03937974,-0.04119172
0.31889509,0.12281523,-0.02656269,0.12106241
-0.47542823,-0.34344461,0.28148325,0.0381777
0.18889952,-0.13293419,0.13192064,-0.03892495
-0.12512802,-0.2383319,-0.22390804,-0.13462233
0.22171384,-0.01982268,0.24314281,-0.05243945
0.03380429,0.10427293,0.23656557,-0.32662985
0.30507561,0.26872861,-0.33949305,-0.24762238
0.206712,-0.11480526,-0.08910622,0.16098922
-0.02423096,-0.32211263,-0.23078718,0.19284764
-0.38847759,0.02872217,-0.17624661,-0.29769535
0.05817395,-0.19481029,0.03578964,-0.13244284
-0.18288414,0.03047601,0.17026836,0.09273394
-0.08706836,-0.40666505,0.4369072,0.52017717
-0.7393037,0.01793131,0.12825865,-0.04152503
0.34301693,0.04218778,-0.09219176,-0.04209633
-0.14365064,0.35596377,0.11616807,0.04768158
-0.43589726,0.28891328,0.07023566,0.18881991
0.00036671,-0.35484876,-0.0691206,0.32862269
0.07173261,-0.59242721,0.18699332,-0.17522555
0.02829356,-0.16331252,-0.54323951,-0.61707859
0.0890191,-0.2354805,-0.11942216,0.27040399
0.44900735,-0.11169502,0.34947301,0.34402948
0.33128413,-0.38585398,0.20855357,0.31780964
-0.07187129,-0.10803499,0.11011862,0.18301703
0.04215885,-0.21635017,0.20632458,0.10263092
0.17240893,0.25773575,0.11824057,-0.68598368
-0.24575438,-0.12017594,0.2684433,-0.35452945
0.15549298,-0.17669446,-0.35202706,-0.7856479
0.48944896,0.35938295,-0.26494455,-0.01293093
0.02298223,-0.25063373,-0.24583115,0.10600103
0.14964702,0.06912213,-0.11408875,0.23297033
-0.08267746,-0.09855908,-0.00536775,0.09468788
0.34498548,-0.04755065,-0.5406975,0.30020877
-0.13690794,-0.60262025,-0.21630637,-0.11290772
0.42728251,-0.00394263,0.42632044,-0.387968
-0.06000355,0.33514461,-0.18812088,-0.24114933
-0.04299305,-0.29015032,-0.48858497,0.0222014
-0.01557696,-0.06984877,0.11839389,0.34471412
0.03170709,0.14390144,0.51010151,-0.35635521
-0.46293291,-0.58367352,0.40838062,0.1307298
0.01963806,0.24143576,0.84044456,0.12585369
0.63830739,-0.28044902,-0.7775868,-0.10635891
-0.16310211,0.53629788,-0.85376859,-0.07841668
0.49743878,0.07781341,-0.3667236,0.32685625
-0.10575725,-0.17064654,0.06070751,0.17120105
0.44960221,0.23371532,0.10174416,0.43066836
0.24772702,0.05529926,0.93222601,-0.30122647
-0.41803451,0.08221117,-0.19919995,0.22296364
0.15835041,-0.18769531,0.00633496,0.53143523
-0.21012292,0.23242299,-0.0407783,-0.22973788
0.24843099,0.00074975,-0.05663754,0.33359274
0.0523681,-0.25240528,-0.44786006,0.44300096
-0.03264085,0.07882855,-0.25629161,0.30481661
0.04843105,0.27809549,-0.15484462,0.20381216
-0.34342073,0.15068886,-0.01374525,-0.15045502
0.57103277,-0.16302767,0.1154529,-0.50502935
-0.11576845,0.19549148,0.12069501,0.36281298
-0.02231887,-0.23467789,0.14434021,0.27530906
-0.31322272,-0.28120147,-0.28467595,0.1048729
-0.32974156,-0.05179991,-0.01188342,0.17099579
-0.36821101,0.2849161,-0.1313908,0.02159625
-0.17530183,0.0210807,-0.36211029,-0.13516579
0.08792991,-0.09768334,-0.11446727,0.44650058
-0.03569899,0.07177098,-0.21692996,0.01636722
0.05079528,0.76724072,0.12891165,-0.11358856
-0.22434751,0.28243145,-0.07974247,-0.35580036
-0.43057348,-0.1507895,-0.06663675,-0.04952843
0.54821699,-0.10012685,-0.73025885,0.14475173
-0.0724742,0.3659978,-0.48685118,-0.24884639
-0.47807127,0.30906412,0.11791028,-0.22783138
0.14735733,0.25385832,-0.26110908,0.06032065
0.00632825,0.15139908,0.35421815,0.15041687
-0.11720805,0.15474224,-0.40287119,0.27637197
-0.02912316,0.14034655,-0.16886229,0.61288388
-0.13843336,-0.06317113,-0.01368855,-0.12842357
-0.09004539,-0.37694889,0.17515134,-0.25036578
0.30406166,0.33488648,-0.2526953,0.09361733
0.0977363,-0.09254956,0.2734136,-0.61200079
0.25514847,-0.33688246,0.1796904,0.34739366
0.47135459,0.26739349,-0.12987276,0.11148437
0.50196961,-0.3413469,0.10862605,-0.22935196
-0.21179374,0.04109867,-0.24736483,0.53219135
-0.06012863,-0.03907194,-0.13692666,0.25741254
0.03192686,0.00656806,-0.09979376,-0.04619593
-0.0846823,-0.12401972,0.31436232,0.09023384
-0.12714431,0.03849613,-9.001e-05,0.01669551
0.24347885,-0.18270705,0.01776071,-0.05563276
0.2286044,0.0411721,-0.28351619,0.05242159
0.018873,-0.09070042,-0.28383143,-0.01088847
-0.2352851,0.05686829,-0.15656392,0.44593774
-0.10173071,-0.00248052,0.34915209,-0.42693499
0.5212426,0.47531771,0.06297163,0.23759464
0.32775648,0.30751205,-0.02071137,-0.13321227
0.29175356,0.14101985,-0.0846708,0.16810673
-0.02287467,-0.15393479,0.21983817,-0.13506147
0.31577915,-0.41180039,0.15312886,0.19220521
-0.06074339,-0.06859409,0.02765909,-0.06984953
-0.34132464,-0.10182683,-0.09402289,0.0972653
0.07491424,0.18635307,0.00343882,0.08820019
0.2342686,0.02403421,0.17295352,1.0
0.14517768,-0.31686609,0.27134182,-0.28408237
-0.05682627,0.20334193,0.21801747,-0.44528345
-0.08302406,0.25659046,-0.02641155,-0.25493079
0.3325616,0.09360977,0.00612462,0.18354997
0.22275685,0.11071154,0.23785422,0.59764789
-0.25787257,0.26703299,0.01401849,-0.03368174
-0.22473073,0.14858819,-0.21452419,0.02561457
0.01300133,0.19841287,-0.13522579,0.40926091
0.33570955,0.08036101,-0.46934334,-0.17288918
-0.10027564,-0.03395087,-0.37720673,0.12753892
-0.20472453,-0.1644657,-0.17136269,-0.25816894
0.22618957,0.04654512,0.42117264,0.37889697
-0.1378487,-0.11671747,0.083443,-0.15698385
-0.15324514,-0.04608432,0.00877068,0.14823841
0.02680579,-0.24117389,0.02162114,0.09956188
-0.01473315,-0.5000466,0.01959937,0.28674859
0.18229106,0.22327055,0.57942122,0.10170496
-0.0770868,-0.02141734,-0.26903347,0.27678938
0.29850517,-0.03138405,-0.42885946,0.22560232
-0.2123159,-0.07253784,-0.23393609,-0.11212607
-0.1405671,-0.27117005,-0.04014837,0.41834677
-0.18857227,-0.29311456,-0.00735709,0.06435908
-0.08998878,-0.29256448,0.17223305,-0.22252202
-0.6877669,0.37768853,-0.43149755,-0.10127607
0.36561784,-0.37127056,0.2427487,0.12383728
-0.09327806,0.08541181,0.26914318,0.12700261
0.0106847,-0.20859744,0.68463584,0.13526189
0.13256673,0.17524266,0.15715711,0.40857185
0.29733985,-0.03733063,-0.1736864,-0.4406594
0.05387818,0.08039416,0.08349183,0.30465925
0.05834434,0.25982833,0.1637985,-0.25746471
-0.05773487,0.14565199,0.04463182,0.30912592
-0.28851286,-0.18546637,0.09001263,-0.1547394
-0.1271446,-0.23370335,-0.01888295,0.12971248
-0.56130795,-0.45881438,0.09751796,0.10237929
0.04039458,0.09376013,0.38016747,-0.46598908
-0.3113149,-0.08246147,-0.66708952,0.01563849
0.58572595,0.40251479,0.70804655,-0.07301271
-0.34345877,0.44831852,-0.25304213,-0.20706874
-0.25852053,-0.19705688,-0.15152443,-0.30874725
0.0231601,-0.62924102,-0.05793366,-0.25486362
-0.07586248,-0.09658412,0.50797304,0.17033023
0.55638541,-0.09226658,-0.25120848,-0.20251222
0.25719213,-0.02753682,0.43658699,-0.42850958
0.27168956,-0.33474778,-0.22594154,-0.01335958
0.34849126,0.07342445,0.11107776,-0.32731844
-0.48961372,-0.28393359,-0.70109756,-0.23678912
-0.01017775,0.15600281,0.47540768,-0.08204337
0.36846325,-0.03140264,0.03205511,-0.10099774
0.00443994,-0.54884537,0.0096249,-0.2123982
-0.30610443,0.44880549,0.18691702,-0.27723788
-0.11950129,-0.11900971,0.41488562,0.11524038
-0.02279866,0.03096858,0.04038915,0.17835686
0.36357899,0.37953732,-0.15909469,-0.09794021
-0.19142147,-0.07060387,0.31357613,0.02328871
0.74304966,0.17676343,0.00792856,-0.1002881
-0.16514613,0.24770828,-0.20638353,-0.40117587
0.20246518,0.48710462,-0.26080886,-0.13052397
0.05156556,-0.3920589,0.1328896,0.12913333
-0.15866764,-0.40201921,0.11498864,-0.04726187
0.38011291,-0.14007666,0.34817088,0.12743532
-0.05682684,0.13760842,-0.00593376,-0.41232986
-0.0203995,0.04285882,0.17697452,0.13822897
-0.04594193,0.22191352,0.51831678,0.31412754
-0.07994118,0.05565131,0.42036196,0.14409468
0.31488659,0.10085085,0.09163635,-0.0107211
0.14494471,0.16182797,-0.20263183,-0.20433777
-0.01871937,0.14730609,-0.33726328,0.06920217
0.44550275,0.4511443,-0.5124262,-0.30020339
0.50727318,-0.20259027,0.00392841,-0.02243361
0.03163069,-0.41967793,0.30151271,-0.20672917
0.02809915,0.38187067,-0.37367159,-0.41668922
0.21709835,-0.53904557,-0.10251748,0.08362274
0.29511052,0.39973069,-0.37218309,-0.18685162
0.08320723,-0.33575075,0.77904929,0.00270138
-0.18947883,0.0520428,-0.48437664,0.08445313
-0.6218729,-0.02462996,0.20595739,0.06737571
-0.12144835,-0.38807411,0.11952699,-0.10039762
0.1520585,-0.27276551,-0.43239519,-0.01302735
-0.12060382,0.52505642,0.14873881,-0.36630114
-0.32428424,0.14477033,-0.23509883,-0.28077622
-0.23985519,0.2013333,-0.20797502,0.13806609
0.23073569,0.13057622,-0.30409152,-0.0953475
0.31793019,-0.0087646,-0.14589715,-0.701937
0.03790239,-0.07467128,0.23546874,0.22004197
0.4929684,-0.11025693,0.05732557,-0.31651355
0.073721,0.24665627,0.05927844,-0.02496077
0.16933148,-0.01336706,0.18249076,-0.27305686
0.26599437,0.22082376,0.05483699,-0.06841117
0.07144804,-0.54713003,-0.52564597,-0.17892561
0.21768552,-0.58379877,0.37654258,-0.11955737
-0.09269243,-0.24405664,0.55668753,-0.25627293
-0.02845114,-0.88444594,0.0798352,-0.15953879
-0.03117955,0.35264995,-0.1976396,0.44178383
0.19386043,0.03567209,0.38794739,-0.43020128
0.49695146,-0.00576007,-0.26720959,-0.38065014
0.06610235,0.21647102,-0.42974841,-0.49372108
0.14701066,-0.55681406,-0.62745205,0.16290916
0.84905106,-0.11576185,0.24261691,-0.20213688
0.41321497,0.35360331,0.10510473,-0.02278546
0.31509438,-0.12415608,-0.25083321,0.21189181
-0.0560705,-0.1553704,0.23180203,0.21967501
0.63418161,0.43723041,-0.06392882,0.22394726
0.28778708,0.01772905,0.62344656,0.23800924
-0.13593723,-0.03656874,-0.34084487,0.23907858
0.23188587,-0.50142654,-0.17610979,0.38064919
0.15770705,-0.12171742,-0.43214228,0.07221309
-0.28208362,-0.29247386,0.35182367,0.21638746
0.00935911,0.24452861,0.11857488,0.35698137
0.07584411,0.28642717,-0.22746712,-0.16203026
-0.10793549,-0.2021096,0.39837238,0.08986465
-0.13095665,0.21134154,0.18213849,0.08122552
0.18968785,0.13483624,0.0101226,-0.26690573
0.25668045,-0.2088721,-0.12562421,-0.52753294
-0.11846835,-0.22922078,0.11390944,0.40308892
0.83516327,0.10573049,0.07964984,0.13033582
0.15301441,0.36579647,0.72452296,-0.13745526
-0.6112441,-0.43118016,0.01321265,-0.17401908
0.33885357,0.02009051,0.09442935,-0.12171703
0.08293348,0.04447131,-0.51493286,-0.28824503
0.34916403,-0.13769729,-0.32972366,0.34186105
-0.02514149,-0.71053562,-0.03358568,0.24721121
0.4455696,0.22362977,0.68752584,-0.23278529
-0.15448753,0.13617283,0.02103324,-0.40041464
-0.5822396,-0.12807846,0.01971547,0.40908268
-0.27205582,-0.00751559,0.35929317,-0.09855196
0.02052255,-0.26485959,0.490427,0.11030748
-0.06352227,-0.2365539,0.3420169,0.40355903
0.43819403,-0.14630302,0.25060318,-0.53397302
0.45852096,-0.07672669,0.20739317,0.35107918
0.02659536,0.12593115,-0.24200725,0.51833328
-0.08928765,0.31271246,0.14589762,0.31288715
-0.19763657,-0.11104702,0.45770764,-0.68466993
0.00652985,-0.49681778,0.02094201,0.41357663
0.33900173,-0.6440846,-0.04990345,0.78763001
-0.4079164,-0.46250006,-0.18313468,0.16101149
0.3261497,0.35600381,-0.27269558,-0.2510589
0.01522001,0.62717371,-0.04622186,0.0479634
0.25349123,-0.26346423,0.03634151,-0.15669724
-0.37091067,-0.14037009,0.18111711,-0.00731295
0.09657306,-0.07336531,-0.13183477,-0.45009287
0.48848205,0.12027343,0.45178375,-0.38375315
-0.52761923,0.23633083,-0.16426311,-0.12522364
0.07197246,-0.32628428,-0.29434901,-0.28594529
0.04876661,0.08482029,-0.32715181,0.33934696
-0.20496445,-0.16359647,-0.08625935,0.08016957
-0.01666484,-0.01819215,0.27936522,-0.6213917
-0.52583996,-0.33429065,0.2238324,0.12734855
0.24686493,-0.19058115,-0.22046509,-0.08942628
-0.11214307,0.38573264,-0.24207231,0.37124234
0.26550224,0.20431617,-0.22482227,-0.02127448
0.70111691,-0.36500367,-0.3088725,-0.14687448
0.19418665,0.25015242,0.12895487,0.00765719
-0.41041373,0.31758788,-0.07266456,-0.20766861
-0.13731581,0.17923577,-0.07907335,-0.09595237
-0.32690282,-0.04080701,-0.18140959,0.16495795
-0.06979337,-1.0,-0.20542812,-0.26127456
0.28179078,0.09575355,0.14537032,0.12815228
-0.17376729,0.10299852,-0.24081147,0.36296228
0.37820145,-0.03582385,-0.10738404,0.31180509
-0.05512171,0.00560531,0.39138146,-0.24580976
-0.66419437,0.80815655,0.34431607,0.02739544
0.34438601,0.22047853,-0.22782276,0.07567462
-0.2510396,-0.16764846,0.55979227,0.60039935
-0.46666783,0.30993958,-0.19420789,0.1583713
-0.07368202,-0.07179698,0.05636152,0.16010879
-0.46094995,0.41493983,-0.21671812,-0.25034031
0.22667113,-0.08873303,0.02377517,0.39099664
0.08423421,-0.10322985,0.19748697,-0.15597395
-0.08526595,0.06437958,-0.59341978,-0.65764209
0.12450179,0.46981908,-0.22810791,-0.35815154
-0.22915478,0.06321436,-0.39057499,0.11910118
-0.13119708,-0.28241143,0.00411871,-0.25408149
-0.15167211,-0.08357656,-0.33213698,-0.3454265
0.13600175,-0.53546784,-0.34948284,-0.10560632
-0.00714154,-0.33448391,-0.00400172,-0.04458197
0.74020322,-0.04922096,0.07686279,0.24471878
-0.22520059,-0.53458783,-0.01191098,-0.06321635
0.05524143,0.23483886,-0.83168848,0.14680716
-0.00697804,0.24278478,0.35643549,-0.2429353
0.33368813,0.60092291,-0.43611579,-0.09040494
-0.15302953,-0.19801671,0.1676164,-0.12527655
0.59170023,-0.24160459,-0.51446719,-0.15501792
0.45073871,-0.04188089,0.8269339,-0.48406936
-0.10486612,0.00787985,0.27206616,-0.25899352
-0.07486657,0.1530446,0.59235583,0.26465696
-0.35728496,-0.00463212,0.0035585,-0.08590154
0.08323097,-0.7513977,-0.53379752,-0.07785779
-0.19057384,0.09980528,0.18207033,0.13746351
0.23880643,-0.14943989,0.14160338,0.11342978
0.21424571,-0.05464171,-0.07237116,-0.12624691
0.15534004,-0.10340203,0.24507307,0.13038927
-0.36142796,-0.3914643,-0.47140014,0.14265107
0.05796783,-0.03622454,-0.14801444,0.02596751
-0.30906167,0.16024401,0.04070453,-0.48187529
0.07027511,-0.25935575,0.08297283,-0.12371596
0.28952767,-0.01900241,0.14610249,-0.15368492
0.2531781,-0.2032448,0.1050496,-0.12673267
0.35964861,-0.10688965,-0.09259453,0.1001252
-0.10096827,-0.28625494,0.09093514,-0.24196041
0.13419807,-0.25529925,0.06067854,0.06440364
0.29298874,0.1442811,-0.30703138,0.06894369
0.16258127,-0.2748367,0.02276952,-0.03363411
0.33717966,0.25102517,0.18037925,0.06375246
-0.40080552,0.36224555,0.1676908,-0.09140785
-0.09872129,0.17543693,0.42385277,0.33534187
-0.42600222,-0.07373203,0.17123791,0.44058098
-0.54654899,-0.22028247,0.16196606,-0.21586093
-0.15431165,0.25450313,0.16924073,0.51378354
-0.04291171,-0.18418238,-0.90245492,0.50798074
0.04695413,0.36738417,-0.39677739,0.07223988
0.00673215,-0.23727939,-0.05812169,-0.27399179
0.60447209,-0.02429886,-0.20493884,0.02496353
-0.46758497,-0.24273746,0.43660486,0.20152199
-0.22624937,-0.33579527,0.00103669,-0.41852186
0.08105445,-0.59042591,-0.01481279,-0.02702989
-0.13956534,0.00131943,0.46482192,-0.4083728
0.27252779,-0.33247881,-0.1915842,0.22998495
-0.14783077,-0.43167352,-0.24183886,-0.32904317
-0.00914324,-0.11121332,0.11490857,-0.24851385
-0.76814382,-0.24758282,0.19447706,-0.0845695
-0.10940023,0.01197791,-0.28721437,-0.0855061
-0.10448819,-0.00028739,0.48802472,0.06902473
-0.08044789,0.05052614,-0.08492536,0.05132309
0.23971187,0.08039757,-0.28854187,-0.04377052
-0.3391616,-0.255234,0.93650805,0.29568012
-0.1926193,-0.41119453,-0.27485794,-0.38626329
-0.43629112,-0.44168245,0.15502669,0.23318192
-0.68953951,-0.34720495,-0.32917767,0.18467932
-0.14753583,-0.07423335,-0.00917903,-0.14986879
-0.1217463,-0.56394908,-0.16445553,-0.34093555
-0.05426069,0.02314792,-0.29679503,-0.29806282
0.09919676,-0.31473293,0.54920855,0.10638094
0.21966171,-0.18004453,0.92968082,-0.29240954
-0.17184766,-0.00399811,-0.34610737,0.06743932
-0.45723964,-0.16829642,0.31905711,0.1041924
0.11141754,-0.19582139,0.04104128,-0.07212811
0.20055582,0.21780706,-0.48893331,-0.2315711
0.0776684,-0.55686503,-0.09580122,-0.61389516
0.30146811,-0.45927313,0.06916261,0.08727699
0.12289843,-0.49059613,0.33590068,0.09289027
0.27492158,0.04869353,0.26823837,0.13413507
0.16196117,0.204414,-0.08635956,0.44027907
0.17985192,-0.00711297,-0.10817641,0.10432792
0.11806601,0.08794483,-0.48100733,-0.01804651
0.20224424,-0.18211986,0.32735089,-0.16192756
-0.01749678,-0.14759138,-0.16430502,0.05530755
0.26929285,0.15973352,-0.27268094,0.32477244
-0.01035699,-0.04930997,0.19791957,0.22152408
-0.61581202,0.16691773,-0.32162853,0.03159998
-0.34096105,-0.14398999,-0.3319398,-0.08768868
0.21413754,0.10930887,0.06569633,-0.39423034
-0.19081308,-0.04235832,-0.35548556,-0.33373173
-0.23421028,-0.21126483,0.24964315,-0.19264957
-0.29893086,0.0798989,0.65916578,-0.31162994
-0.39646618,0.27606544,0.75454322,-0.13046014
-0.22827969,-0.26924208,0.11803707,-0.3813946
0.14908339,0.18991077,-0.17409449,0.27499275
0.27453783,0.26803813,-0.14639755,0.14820896
0.02842745,-0.65466254,0.53745037,0.08478723
0.29177935,0.29318055,0.70280161,-0.1247677
-0.21632946,0.57061039,0.32107579,-0.11655699
-0.06124106,-0.47124756,0.39122053,0.17294957
-0.05309252,-0.18275451,0.14783168,0.42133215
-0.61210703,-0.03946112,0.10577998,0.03427138
0.65318137,0.24326922,-0.46134519,-0.15842462
0.0600352,-0.46934499,0.60470648,-0.07437766
0.10803893,0.111486,-0.29906949,-0.25583256
-0.34474129,0.18640928,0.07161044,-0.14156061
-0.20177647,0.72406058,-0.39865434,-0.02595795
-0.28988625,-0.06425967,-0.03098677,-0.07459792
0.21106676,-0.57782491,-0.26322299,-0.11859202
0.2364184,0.11463037,0.08716272,-0.09651582
-0.21381539,0.02855732,0.10563449,-0.21886568
0.01907215,-0.14417214,-0.01396108,-0.04110703
-0.07178173,-0.02654676,0.07914134,-0.56750722
0.02273482,-0.22522901,-0.55562801,-0.21661266
-0.2062855,-0.09700653,-0.27993511,0.2627343
0.90487937,-0.32175496,-0.1202012,0.07798191
-0.36295925,0.39075111,-0.1110096,0.00269253
0.33812517,0.09373575,0.01320173,-0.18601308
0.18815151,0.51830421,0.02045853,-0.22245129
0.10002577,-0.11156823,-0.24835134,-0.22625552
0.29480962,0.5593644,-0.16044439,-0.39102214
0.1026864,0.29988555,-0.2298554,-0.20245961
-0.05688024,0.17336004,0.1520062,-0.22380481
-0.08294746,0.04071185,-0.27794642,-0.29308628
0.06599559,0.20880427,-0.07910655,0.31335778
-0.01391175,-0.46166394,0.14555963,-0.18303173
-0.2118864,0.22316459,-0.83462288,-0.070494
0.31305262,-0.08486106,-0.16563442,-0.10507749
-0.23088698,0.41063126,-0.06208223,-0.03063804
0.16313393,0.25401326,-0.1002131,-0.2516601
0.31260145,0.52660796,-0.4821836,-0.52500717
0.54149759,-0.03384491,-0.35576761,0.08681679
0.21792423,0.15894207,0.15112046,-0.0260866
0.52629122,-0.50268468,0.14996123,0.09363442
0.02858857,0.51416689,0.10071874,-0.03709062
0.5837552,-0.28809829,-0.24704449,0.1694359
0.64422166,-0.43942767,0.37663861,0.22434928
-0.1892533,-0.11202769,-0.17427595,0.45526785
-0.33296218,-0.11565831,-0.17671774,-0.08034759
0.32406203,-0.50566382,-0.35620069,-0.56684988
0.11112856,0.1230218,-0.01747774,-0.04631283
0.36187587,-0.20208081,0.02810057,-0.01779168
-0.18726452,-0.19908369,-0.31144782,0.15230721
0.08215925,-0.03146498,-0.47745934,0.32480662
-0.28743772,0.43074482,-0.18481922,-0.04208464
-0.14304869,-0.30688565,-0.24324132,-0.36943265
0.05346327,0.68883113,0.12338036,-0.29495715
0.01275355,-0.31834115,-0.21034781,-0.36863917
0.38318244,-0.39137013,-0.0953601,-0.23415665
-0.74711203,0.33986153,0.22426478,-0.42534398
0.19377345,0.39992313,-0.42173059,-0.04031381
-0.55375256,0.36765625,0.21865651,-0.04583847
-0.15903601,0.03693786,0.10599476,-0.09280694
0.47007134,-0.24253829,0.38052676,0.36224119
-0.34326385,-0.19988314,-0.45732703,-0.29501913
0.3972542,0.11226387,0.27854311,0.10378121
-0.03541695,-0.36622202,0.66958871,0.38754645
-0.42226791,0.16331326,-0.63582403,-0.09303443
0.23361052,0.29544865,-0.01737712,-0.08473454
0.12010466,0.13989417,-0.13719973,0.38217371
0.21455956,0.17795809,0.04017689,0.33922266
-0.1185763,0.25837111,0.6035019,0.3740989
-0.24715611,-0.2003459,-0.0386461,-0.15523509
0.08805117,-0.44070463,0.47597766,-0.33796004
-0.16199368,-0.24882576,-0.09465536,0.17121471
0.4489892,0.08661672,0.31488862,-0.09349094
-0.50362752,-0.09530836,-0.06381987,0.13334311
0.24098646,0.22639297,0.11620268,-0.39614276
0.13930265,-0.2817833,-0.12712908,0.04596778
0.04756186,-0.02010661,0.06817955,0.03283612
-0.34017047,0.65327064,0.56168942,-0.03951742
0.06891827,-0.45123698,0.11746176,0.18769009
-0.12466221,-0.30684616,-0.30744515,-0.12927908
-0.02009346,-0.29733138,0.36490037,0.57812719
0.45005751,-0.0943408,0.03507831,-0.40545368
-0.20578674,-0.52495418,0.17387134,0.32955686
0.05864099,0.27444039,-0.30382208,-0.01503857
-0.57013904,-0.31584708,0.48238975,0.45669253
-0.20062329,0.28527489,0.45832482,-0.18114733
-0.12185917,-0.06695956,-0.11045096,-0.34222842
-0.4267729,0.499463,0.29905195,-0.0034624
-0.23098874,0.29790644,0.35534423,0.12875311
-0.5429088,0.00831784,0.10193001,0.3600091
-0.34733898,-0.04337342,-0.15229926,-0.44304231
0.12779133,-0.02317635,-0.43523657,-0.37684224
0.53902445,-0.1317381,-0.24897461,0.14926641
0.47319835,0.30307335,-0.20054344,0.18421503
-0.27994091,-0.13785908,-0.04114548,-0.79280564
0.15149107,-0.02040552,0.01616325,-0.20467445
0.28314473,0.47857186,-0.42355503,0.11662671
0.38404219,0.00951898,0.21545258,-0.00970435
0.42741449,-0.10085295,0.10426468,0.03713539
-0.02603471,-0.24593954,0.33176561,-0.13718797
0.18528206,-0.04447377,0.26262658,0.3231157
-0.42834709,0.10573884,0.59856911,0.07899805
-0.0046754,-0.04483149,0.24849383,-0.56045928
-0.48686805,-0.17571558,0.2624206,-0.36068213
-0.28043605,-0.14326192,-0.29756355,0.13978405
0.32876716,-0.30919422,0.05555013,-0.21512796
-0.5154386,-0.29135933,-0.02443287,-0.00671442
-0.5543421,0.3694513,0.25677841,-0.15834566
0.29850312,0.21267796,-0.37573946,-0.01681036
0.48935796,-0.02857036,-0.35798533,-0.04434016
-0.2896371,-0.15455843,0.03706014,0.28226037
-0.31543001,-0.5934466,-0.44653822,-0.39208112
-0.23845863,0.14430813,0.3454137,-0.17708519
-0.37272734,0.21286571,0.32696219,-0.20737954
0.52398674,-0.33108828,0.31928493,0.33634064
-0.24244034,-0.04931358,-0.4596123,0.13446253
-0.16732344,0.10395862,0.04432212,0.22317875
0.0035357,0.11304167,-0.35543561,0.2614412
-0.5334603,0.32950883,-0.02187737,0.29387746
0.09115788,-0.22997018,-0.26685776,-0.19867711
0.64159639,-0.30420252,-0.09233185,0.02959347
-0.42817895,0.06054796,-0.6048872,-0.01891137
0.25196914,0.18451928,0.42234183,-0.02572225
-0.25781083,0.03162515,0.0905857,-0.16438924
-0.05199885,-0.35846982,0.51178562,0.19903283
-0.05836359,0.14222753,0.31548916,-0.03651798
-0.10960342,-0.59341831,0.3185609,0.04724122
-0.05239509,-0.08309222,-0.25059509,-0.03494212
-0.30535114,0.24895128,-0.28304324,0.66016465
0.09189579,-0.13884746,0.0981437,-0.12137953
0.15949556,-0.16185907,-0.18932924,-0.00913192
-0.55852453,0.11106829,-0.08819529,-0.33878617
-0.30842366,-0.11000493,0.38770697,0.20374299
-0.4754544,0.30501446,-0.15868204,0.6406803
-0.36137375,0.05277336,-0.41277454,-0.17093838
0.6103224,-0.030573,0.13488806,0.32578491
0.23952156,-0.51074617,0.23754496,-0.09262735
0.12926087,0.1522126,0.06914927,-0.12764002
0.12326531,-0.10799701,0.04942646,0.08931727
0.44453398,0.21809413,-0.04113889,-0.00944207
0.13255171,0.30645704,0.0063212,-0.40479218
0.06362665,-0.1151553,-0.05451341,0.17001721
0.26663721,-0.29299887,-0.01088108,-0.11015733
-0.15277645,-0.28955684,0.05232822,0.39548805
-0.07933852,-0.23600241,-0.26430981,-0.24551418
-0.38598252,0.30819568,-0.01587149,0.42323562
-0.47762877,-0.33658297,0.31815978,0.19800145
0.00407826,0.34516475,-0.01096021,0.08757793
-0.22397025,-0.0052035,-0.06580987,0.36378962
-0.64629171,-0.1197027,0.52804564,0.06348635
0.52748778,-0.05992865,0.11650164,0.21893248
0.15100534,-0.48782902,-0.03934744,-0.24472971
0.06586787,-0.5560503,-0.33576346,0.37303612
0.10889852,-0.4955584,-0.09816436,-0.35298914
-0.18828534,0.347888,0.55792728,0.22586124
0.64200917,-0.30603991,-0.09912135,0.07814192
0.02209228,-0.13285596,-0.48013552,-0.2460609
-0.00988223,-0.00227959,0.41364091,-0.18661711
0.15727092,0.3775021,-0.02006932,0.0742719
0.18538605,0.00835807,-0.1695287,0.02765218
0.48014363,-0.10727827,-0.0621832,-0.10999245
0.33235328,-0.02341566,-0.13734744,-0.09604194
0.36171723,0.27327473,-0.42020809,0.1693914
-0.7434882,0.1929082,0.01221431,0.27830118
-0.19160097,0.06367005,0.1112771,-0.52756145
-0.47304647,-0.12955843,0.29248899,0.11984047
-0.43853088,-0.05605954,-0.45676241,0.16839217
0.12149912,-0.04025288,-0.26874801,0.05395503
-0.58930098,0.02346999,0.01433082,-0.24584994
-0.0339185,-0.02870303,0.23550182,0.03001599
-0.03046781,0.11336379,0.31101188,-0.04684457
-0.0679774,-0.1176556,0.28232704,0.11415784
-0.13378335,0.13295834,0.31055778,-0.11159889
0.05643787,0.31770086,-0.00930346,-0.07971201
-0.16755269,-0.18826367,-0.0720897,-0.63584599
-0.64824128,0.429008,-0.07596744,0.04422888
-0.17428528,-0.32814514,0.73092386,0.45925593
-0.25253597,0.25517799,-0.66477848,-0.34489667
0.14863336,0.11911674,0.07510554,-0.05720099
0.09775707,-0.25784045,0.53102841,0.514496
-0.39893847,-0.274021,-0.40416008,0.31983838
-0.05246693,-0.28008262,0.0428516,-0.44219202
0.0955822,-0.41127027,-0.12426826,-0.00211431
-0.11555474,-0.33418936,-0.39105672,0.27365592
0.3797104,-0.02805318,0.11056481,0.41585326
-0.21074938,0.28063334,-0.35398426,0.0968203
0.29912156,-0.59874565,0.37482713,0.33289016
-0.27569159,0.03846559,-0.05355018,-0.34058182
-0.06192924,0.21353542,-0.02594701,0.36567073
-0.00977671,0.04383271,-0.35484458,-0.08893587
-0.14507387,-0.07652064,-0.10197433,-0.38530789
0.35229408,0.04581646,0.41050846,0.04459636
-0.33015194,-0.10270398,0.11025178,0.51198725
0.23570441,0.17637587,0.11876753,0.1171047
-0.14377068,0.4294185,-0.26362629,0.17147577
-0.65462625,0.51419422,0.06254346,0.07333568
0.29310999,-0.01989913,0.0856143,0.25093411
-0.37460252,-0.65522596,0.28236313,-0.2487674
0.19476918,-0.00073653,-0.02143572,-0.37248234
-0.32668835,0.44489944,0.5399688,-0.26338999
-0.278547,0.22256447,0.2880042,0.35556272
-0.03331069,-0.14537254,-0.28190054,0.12851884
0.51134486,0.04814176,0.19770529,0.34020187
0.16746673,0.13410787,-0.20401485,0.12163217
-0.18917502,0.00371098,0.03689538,0.22321156
-0.07850642,-0.54088623,-0.12831804,-0.30434751
0.23771587,-0.04423042,-0.11677939,-0.56332394
0.28231896,-0.31566286,0.28572861,-0.34283406
-0.18575507,-0.15682217,0.28195279,0.40932952
-0.23311013,-0.06488495,0.6076628,-0.06113221
-0.24659989,-0.40432114,0.10899616,0.15828174
0.06139493,-0.29792985,0.01209092,0.17468188
0.27980714,-0.18121279,-0.02257374,-0.19817029
0.30461837,0.42323269,-0.49846488,-0.50043625
0.03078445,-0.20181298,0.16850991,-0.78101586
-0.03573192,-0.0790588,0.03586787,0.2739321
-0.19606341,0.01845612,-0.21831062,-0.37794714
-0.26322579,-0.19458913,-0.65045676,-0.16933023
-0.0052936,0.19122219,0.03955209,-0.05721266
0.31296876,0.62087098,0.44699067,0.11687357
-0.62999581,0.01626848,-0.19307051,0.19265538
-0.10535948,0.41563579,-0.07201168,-0.60940267
0.29214572,-0.04415619,-0.17635441,0.12439102
-0.30817283,0.01954886,-0.01078063,-0.18334779
0.21178461,0.19406942,-0.07800688,-0.05004475
-0.4028337,-0.14295966,0.01833483,0.11684172
-0.11481166,-0.2291176,0.13074697,0.05080817
-0.38188046,0.34849383,0.49922405,0.20049641
-0.02630252,-0.05406326,0.63101681,-0.39527317
-0.15467697,0.39258201,-0.37465369,-0.32687806
0.12603745,0.34231467,0.21743162,-0.42602786
0.11022369,0.45945871,-0.05595233,-0.12298816
0.1697843,0.25623317,0.27482651,0.08936615
-0.33089754,-0.70403777,0.07666276,0.12869197
0.62011229,0.31254358,-0.11029943,-0.32075368
0.33380211,-0.18702021,0.02766451,0.21980569
0.49336465,-0.59206279,0.39116544,-0.27729126
-0.07040769,-0.28577702,0.43081088,0.21274801
0.53745959,0.24530752,-0.21746617,-0.38177875
0.1303272,0.092361,-0.20741029,-0.21829374
-0.17642095,-0.15726976,0.33624293,-0.13105688
0.09693583,-0.17670107,0.27662266,-0.38779533
-0.17375175,-0.36130098,-0.14500591,-0.07005395
-0.24272305,0.47570577,0.04117476,-0.30338542
0.65399052,0.32346271,0.6146952,-0.35243629
0.36060496,-0.19038443,-0.32569674,-0.02341292
-0.51735564,0.10127131,-0.63153309,-0.11459211
-0.0702336,0.2177822,0.5254455,0.31328153
0.05993728,0.17173889,-0.49153819,0.04746445
-0.24536769,-0.23760346,-0.54008313,0.09261315
0.00264888,-0.2490679,0.19505783,0.08959262
-0.2548175,0.53113038,0.02486758,-0.39252134
0.18909607,-0.33933121,0.33901522,-0.05113871
-0.17797796,-0.43463935,0.40659634,-0.16195427
0.32147066,0.0533512,0.05868495,-0.48458123
-0.18809493,-0.48305258,-0.02015168,-0.02221019
-0.27964435,0.10405173,0.02481309,-0.54827295
0.27293785,0.13847159,-0.30816237,-0.15836763
-0.29933735,0.0929948,0.47822426,0.06216401
-0.05689383,-0.1506846,0.15232207,-0.22842053
0.00157376,0.00469105,-0.14743504,-0.27429623
0.17391089,-0.51294251,-0.09854791,0.04784783
0.25102056,-0.25833841,0.18662266,-0.12161743
-0.0924936,0.03198777,-0.07049434,-0.43663134
0.04458991,-0.14062762,0.05073853,0.00852866
-0.45006744,-0.16333459,-0.01192172,0.03260985
-0.64337217,-0.0097743,-0.12449986,-0.02920922
-0.16114981,-0.02451957,-0.76446056,-0.20413004
-0.18104242,0.11016925,0.33737891,-0.13825969
0.10506994,0.09749742,0.21251129,0.26022726
0.26957921,-0.15506513,-0.13308784,0.0385948
-0.59664436,-0.42849179,0.11915028,-0.22482211
0.1324581,0.18979706,0.41524573,-0.01075008
0.20758147,-0.11701118,0.11536148,-0.06542147
0.24343817,-0.53265597,0.02818464,0.11540988
-0.32986066,0.00011928,-0.29407221,-0.23939781
0.07072566,0.16293159,-0.5781521,0.0505751
-0.50039225,0.07221395,0.34959433,-0.2553871
-0.12274264,0.08282454,0.08909642,0.29790039
0.25985317,-0.07062019,0.13610139,-0.0583505
-0.1897401,0.09202026,-0.29836752,0.04802764
0.34208672,0.02851464,0.1700175,-0.12110542
0.16077847,-0.21177321,0.02570812,-0.11389354
-0.47282988,0.16763385,-0.11624285,-0.32805533
0.09590161,0.23515818,0.5020427,-0.54383377
-0.23666073,0.06891244,0.36586221,-0.48898365
-0.8534952,-0.1678478,-0.15067046,0.33341241
-0.18341903,-0.34873494,-0.04796642,0.51190328
0.32096041,-0.05551258,0.55970545,0.19459908
0.03043157,0.16097617,0.16442606,0.02756488
-0.20703697,-0.11525618,-0.40707013,-0.24641969
-0.35706624,0.18630321,-0.00628259,-0.01209836
0.40360394,0.0227194,-0.03622969,0.62563059
-0.22553987,-0.09561486,0.3830028,0.01974402
0.35788492,-0.24171997,-0.25335433,-0.13710553
0.17522142,-0.06828251,0.45407992,-0.15839426
-0.37769567,0.12721148,0.49281285,0.28887275
0.31715099,-0.41557183,-0.28952668,-0.13565881
-0.13342136,-0.10936888,-0.40662578,-0.27252587
0.66645462,0.28568597,0.08045246,0.23850227
-0.07734595,-0.27727724,-0.16647554,0.16716696
-0.02106384,0.28392549,0.12088563,-0.04700803
-0.22063098,-0.1216787,-0.10870804,-0.41563589
-0.20026333,-0.18537716,0.59927504,-0.25472642
0.10025193,0.05106988,0.16075296,-0.43456194
-0.11472793,-0.38956442,-0.11538907,0.03712454
0.71418694,0.07177387,0.07403173,-0.11242941
-0.18151801,-0.0010232,0.81481552,-0.05646942
-0.13231942,-0.05069784,0.13777001,0.03798349
0.16411369,0.16993495,-0.16639391,-0.71178458
-0.27073124,-0.06771183,-0.2708197,0.15134841
0.30828862,-0.37048023,0.07173601,0.21510756
0.30819989,0.10522705,0.02215125,-0.11097113
-0.08676993,0.15876942,0.48393053,-0.01177775
-0.32942535,-0.32027247,0.31123493,0.41805913
-0.64756569,0.42143059,0.07996553,-0.05664099
-0.05765151,0.07338372,0.12669425,0.10121385
-0.47350201,-0.79368167,-0.12718065,0.11367752
0.06860912,-0.23681483,-0.67111142,0.28252452
0.44415245,-0.15714968,-0.12044741,-0.37297952
-0.33473776,0.47910916,-0.38660648,0.01852851
-0.2014795,0.36435582,-0.21591447,-0.39875079
0.15010912,-0.17739634,0.17396424,0.47703546
-0.04151376,0.12792294,-0.12545743,0.50820312
0.13402002,0.26174504,0.15990136,0.32235155
-0.47199345,0.0525288,0.56294296,-0.02640573
-0.0376552,-0.27434681,0.27734837,-0.12821244
-0.24202518,-0.50975035,-0.2006607,-0.19335176
-0.74112147,0.16617733,0.0559245,0.08126644
0.19599922,0.21530514,-0.14137448,-0.33420748
0.60120243,-0.16946215,-0.31730044,0.35792469
-0.39613483,0.37841918,-0.02086975,0.04731685
0.44272355,-0.17124044,0.03142942,-0.11256947
0.28094765,-0.11164689,0.09760106,0.05325599
0.20800721,-0.0899236,0.34960948,0.58963975
-0.01070231,-0.08054329,0.08443596,-0.12829642
0.05726795,-0.27633937,-0.4706019,0.03651924
0.41986946,2.098e-05,0.28020773,0.29021072
0.20168067,0.28110449,0.07058202,-0.37185607
0.32131709,-0.17737448,0.42606924,0.02066119
0.15807383,0.04592586,0.09231447,0.05975676
-0.00244135,0.29626894,0.32136286,-0.39897206
-0.17344863,0.19688295,-0.10715094,-0.04316638
-0.01002632,-0.23425177,-0.74441243,0.20095839
-0.30960691,0.21866596,-0.2933942,-0.0902396
0.0628255,-0.36801602,0.06812926,0.06996587
0.12392346,-0.28635702,0.36462169,0.18034781
-0.12514522,-0.54603454,0.16113317,0.48680365
0.21035308,-0.15311083,0.05744554,-0.04309065
0.00569059,0.10486474,-0.29303086,-0.40021867
0.09623723,-0.03673694,-0.24037858,0.18499814
0.1491151,-0.04919384,0.35034942,0.02409377
-0.36714506,-0.27392491,0.20078241,-0.28032564
-0.14264956,0.30355617,-0.15351319,0.06291002
0.15674881,-0.22849154,0.07237927,-0.22964274
0.35646843,-0.03101502,-0.29308802,0.09013399
0.43482355,0.17371417,-0.03542201,0.04973493
-0.34479767,-0.61142202,0.13551132,0.62355537
-0.24233213,0.41315211,-0.10351258,0.15247756
0.33875111,-0.18507852,-0.24138052,-0.01071445
-0.00949121,0.11448276,0.08399995,0.3270569
0.15156892,-0.29733693,0.5161513,0.29023184
-0.02512458,-0.47942798,0.1483496,0.02331086
0.47184316,0.12656993,-0.20856065,-0.00047593
-0.21583084,0.27839506,0.34830007,-0.36901094
-0.15086061,-0.38380677,-0.26558632,-0.46235275
-0.13622379,0.12415923,-0.48598164,0.09015216
0.06743639,-0.53227085,0.2026654,0.0470733
-0.05331717,0.07465375,0.60400229,0.01461445
-0.29284066,0.2576288,-0.15370976,0.18100001
-0.06221347,-0.12967011,-0.04247755,0.3293441
0.06120728,-0.55957731,-0.40153783,0.02046726
-0.25739578,-0.14828038,-0.06704916,-0.08058085
0.3608066,0.00293097,-0.70686441,-0.12605921
0.25857622,-0.6045361,-0.01704559,-0.18957176
0.47651226,-0.00272305,0.3828689,-0.01350503
0.2616599,0.07304312,0.13738871,-0.14306506
0.07716576,-0.17834221,-0.30154873,-0.54672894
0.13165665,0.20878208,-0.72523373,-0.296448
0.51526193,-0.28745813,-0.34684468,0.26748035
0.25667317,0.11293822,-0.06079054,-0.12758659
0.66050449,-0.44829628,-0.60605693,-0.42500375
-0.46644247,-0.20817446,-0.01214788,-0.41199296
0.09533756,0.32590747,-0.57264958,-0.00102701
0.53790724,0.33690952,-0.39030006,0.149915
0.36386741,-0.29263208,-0.11575362,-0.22147937
0.30525281,-0.11071306,0.25154995,-0.10787032
-0.20600149,-0.17076666,0.03895331,0.05305434
0.02393789,0.36268853,-0.34319668,-0.08210426
-0.34980362,-0.13935225,0.06985412,0.29161824
0.37951569,0.0681381,-0.28887647,-0.1127423
-0.10213077,-0.24734954,0.35055706,-0.0256414
0.3358331,-0.2016418,-0.39874152,-0.0845525
0.31837939,-0.30714283,-0.05729904,-0.27813719
0.26663496,0.16267043,-0.08273034,0.07508919
-0.22618053,-0.28170428,-0.37817595,-0.08769756
-0.24138845,-0.28595453,0.27343527,-0.08214804
0.13500874,-0.16825134,-0.12636229,0.03141825
0.51242506,0.374953,0.24407563,0.43675624
-0.0349725,-0.25980135,0.24884648,0.14064944
-0.20430219,-0.36216707,0.02461592,-0.23347493
-0.17875422,-0.19470417,-0.1916154,-0.2144971
-0.10710713,0.05809497,0.50013599,0.19306056
0.06948405,0.17307697,-0.44858697,0.2691717
-0.20530798,-0.19775113,-0.15121671,0.32414899
-0.48953091,0.25642995,0.02569779,0.25552721
0.00701744,0.038308,-0.334792,0.28313354
0.23370588,-0.14481659,0.15810322,-0.43108499
0.95520078,-0.10303402,0.17353404,-0.20179674
-0.31609506,-0.17200358,0.49263904,0.14340628
-0.38266802,-0.42668023,0.08416815,0.24378476
0.45342737,0.33654388,-0.18173876,0.07272009
-0.05230302,-0.14830101,-0.30265917,-0.46589241
-0.40238147,-0.01807764,0.29944536,0.07952633
0.04604442,-0.30950542,0.40990043,-0.25874259
-0.08036047,0.39752048,0.1675436,0.16177904
0.67063342,0.0183826,-0.03213819,0.22193914
0.73554872,0.28399772,0.24007299,-0.00187457
-0.03653053,-0.31153584,-0.15924236,-0.34586546
0.15688577,-0.17575539,-0.25798213,-0.03409327
0.30536977,-0.81088085,0.66725227,-0.06790264
-0.00069759,-0.09753567,0.03791905,-0.16565532
0.08352382,-0.2008428,-0.0511524,-0.16072726
-0.02420027,-0.22581269,0.22731755,0.35939101
-0.25290885,-0.01345036,0.22842423,-0.06844344
-0.477141,0.10422354,0.19290833,-0.04757365
-0.00628915,0.04860809,0.58123536,-0.12129722
-0.31229208,0.10544124,0.28408807,0.01379799
0.29583034,0.09878273,-0.09939814,0.16360304
0.18060215,0.1952268,0.25136655,0.04261686
-0.22957365,0.16960403,0.22839857,0.45430409
-0.0439238,0.26896733,-0.26003284,-0.24288485
-0.25094776,-0.05080559,0.40105692,-0.15135073
-0.23829144,0.00659276,0.12086397,0.46154334
-0.20253003,0.24259723,-0.09077282,-0.13725855
0.1513595,-0.1769358,0.39585874,-0.26152644
-0.23314041,-0.16397748,0.39900365,0.41133545
-0.07197836,-0.42040338,0.31389668,0.26495146
0.19016666,-0.26375233,-0.32104964,0.09548396
0.13990109,-0.40058968,0.27928492,-0.3549652
0.19626452,0.33346899,-0.28789974,0.14895465
0.07509197,0.09173018,0.35361625,-0.00550339
0.55279022,0.13818952,-0.16472611,0.11915173
-0.19935028,-0.05972331,0.33017098,0.89567873
-0.01158522,0.0414118,-0.23931157,0.08014202
-0.57298305,-0.37709545,-0.18150598,-0.02438608
-0.34702821,0.43640657,0.30665853,0.30273906
0.13899311,0.01851914,-0.30503382,0.02296261
0.04287045,-0.00751186,0.15034779,0.19039819
0.04342895,0.04631952,-0.23086372,0.15446535
0.63867192,-0.21868287,0.55700887,0.02074293
-0.42375902,-0.32347442,-0.6185181,-0.05784068
-0.42788244,-0.46670979,0.4741745,-0.08621852
-0.31467775,-0.35955052,0.37624127,0.17669378
0.50811991,0.13342538,0.08898753,0.09649191
0.15345717,-0.04916101,-0.4225793,-0.21717407
-0.01427413,-0.2628871,0.41764379,-0.01674072
0.42116646,0.00435248,-0.19654878,0.14285837
-0.12122373,-0.37438229,-0.03869509,0.12611744
0.15712385,0.09927312,0.01446019,0.07770246
-0.24318931,0.33332482,0.62925709,-0.04152028
-0.51911304,-0.43483209,0.05668497,-0.02457145
0.47887522,-0.44441249,0.52374865,-0.12912342
-0.18254334,-0.27427311,-0.1264101,0.03028997
-0.0805704,-0.34582709,-0.11537612,-0.02273001
0.21284132,-0.2025435,-0.02285185,-0.02729189
-0.3683129,0.01245837,0.22402633,0.37010338
-0.20111048,-0.38877076,0.52761926,0.23399273
0.14527862,-0.2680002,-0.05079651,-0.30204109
-0.42108321,-0.15589922,-0.40750276,-0.26731164
-0.07148899,-0.06794642,0.04606393,-0.1094561
0.07627101,-0.05373599,-0.58628841,-0.03820293
-0.36912133,0.23347784,-0.20448097,0.00137617
0.28484285,0.0723255,-0.08385993,-0.24030803
0.61292228,0.45830839,-0.25755527,0.11509501
0.62290757,-0.39952612,0.07329879,-0.20511073
0.39787577,-0.03989668,-0.29865432,-0.16381974
-0.68984238,0.61524309,0.4817724,-0.10599678
-0.37142014,0.40699949,-0.26778415,0.13643672
-0.35226335,0.26887858,0.0622834,-0.1196356
0.04084413,0.19420623,0.2306978,0.12177526
-0.08525634,-0.57143492,0.21272919,-0.35673419
0.50368029,0.20987891,-0.20735199,0.54918673
-0.45143179,-0.62374198,0.15160181,-0.16310514
0.05694168,0.11045496,-0.16700371,-0.05159311
-0.09613543,-0.04723159,0.83380675,-0.3233007
-0.01617746,0.54557231,0.04251936,-0.13116695
0.45510445,-0.1097535,-0.16297346,-0.15503157
0.10745679,-0.35481987,-0.45325545,-0.58910065
-0.32733026,0.11023334,0.38487317,0.15759642
-0.31938542,0.15630469,0.09022099,-0.17939605
0.29099491,-0.30775795,0.16206818,-0.10153577
-0.28205855,-0.33770837,0.12355874,-0.25300341
-0.04214432,0.19347375,-0.02209146,-0.13234547
-0.19133115,-0.05448061,0.14716881,0.07860411
0.21174276,-0.33991491,-0.02092918,-0.24266602
0.02380382,-0.15189476,-0.15153091,-0.31378467
-0.13256852,0.05855543,0.12292417,-0.26705694
-0.45529527,0.28587703,0.22515435,-0.48196064
-0.32081958,-0.01703606,0.04747928,-0.31451382
-0.29922045,0.58810505,-0.42628471,-0.37219015
-0.03072979,0.65842407,-0.23745684,0.39928033
-0.08970198,0.19301113,-0.00134261,-0.40031662
0.31508588,0.18000946,0.01870334,-0.28727506
-0.1914923,-0.17841756,-0.15755919,0.18763886
0.5747319,-0.02442122,-0.23699537,-0.33254412
-0.2908907,-0.33803981,-0.09452556,-0.18509932
-0.29033898,0.03019816,0.31902119,0.10037502
-0.08356308,-0.08644512,-0.00844505,-0.04101552
0.07621616,-0.20302877,0.14920502,-0.21960911
-0.293171,-0.21293863,0.10535929,-0.08044155
0.42657875,-0.39470595,-0.29994838,-0.11826973
-0.19269705,-0.04369842,-0.12034332,-0.21310558
-0.16268938,0.03158302,-0.00494216,0.26497614
0.05556753,0.21881069,-0.30904693,0.07327784
-0.46258344,-0.08969671,0.39141249,-0.43235453
0.11611345,-0.08862424,0.5631127,0.38191972
0.25670858,0.0219966,-0.39041351,-0.17101476
-0.24696747,0.02080445,0.22722099,0.2215655
-0.25593419,-0.42417942,0.10841503,-0.17501733
0.06672101,-0.18443731,-0.15906734,0.1515319
0.01757928,0.19505457,0.16559089,-0.25353728
0.33945729,-0.31278718,0.20564551,-0.30792197
0.02091452,-0.56991579,0.30060512,0.05976734
-0.16003051,-0.0819279,0.29369325,-0.23251606
0.11762518,0.12234231,0.00887869,0.27260714
-0.55076068,0.06464426,-0.10613241,0.02189062
-0.55291455,0.25171475,0.09296389,0.33241282
0.44036117,0.0426443,-0.60021479,0.08979816
0.08081498,-0.04912748,0.18540347,-0.38306017
-0.0537559,-0.26751831,0.03652514,0.16266141
-0.13853666,-0.05150537,0.67080194,-0.09612107
0.21011578,-0.14141579,0.08405574,-0.02793154
0.01184691,0.16008545,-0.10031575,0.59596843
0.29052031,0.03144202,-0.46551535,-0.08279272
-0.0569638,-0.02958059,-0.32898998,-0.40947298
-0.04625364,-0.36226312,-0.05143426,-0.25463091
0.36453225,0.14527375,0.00512642,0.3271057
0.20704408,0.28621158,-0.54243528,0.0527186
0.21280275,0.07919426,0.16787015,-0.16940372
0.06415445,0.3120657,-0.02765318,-0.37817559
0.01512794,0.04066474,0.43960352,-0.37500487
0.00141706,0.20833729,-0.27001631,0.36780584
-0.43303131,-0.46314375,-0.36684434,0.01064436
-0.26962776,-0.13694427,0.32874858,-0.18276149
-0.20988868,-0.6353092,0.07822566,-0.23495455
0.54265032,0.71544172,0.04247351,0.17578538
-0.06964796,0.0680409,0.22995174,0.03852618
0.39758757,-0.33083186,-0.10038616,-0.07097821
-0.19707412,-0.29624505,0.05219454,-0.14128108
-0.58191467,-0.13800822,0.07352332,0.08674977
-0.14915485,0.02850265,-0.43904517,-0.40091387
0.16585706,-0.08801286,-0.0541427,0.2573583
0.05617436,0.60808752,-0.64278017,0.14821175
0.02089653,-0.60494037,0.15728075,-0.28856591
0.58452914,0.24074468,0.52809674,0.07149202
0.03979307,-0.0163134,0.26836922,-0.25287992
0.27924847,-0.24926885,0.48090597,-0.10245046
0.10114843,-0.19267017,0.31918253,-0.03104054
0.09181883,-0.49263127,-0.40779416,0.16398173
0.05320335,-0.25761153,-0.52337933,0.03078459
0.22009004,-0.13379893,0.55419345,-0.13620471
0.36764888,-0.04242124,-0.01328868,0.46251613
0.43867433,-0.42929828,-0.16933988,0.05520198
-0.17547879,-0.06865838,0.53608258,-0.27880487
-0.14812234,0.0592128,-0.00072428,0.09405733
-0.77673316,0.58094249,-0.42074112,-0.46340826
0.25615352,-0.19938145,-0.16069777,-0.32019803
0.10131577,-0.14519035,0.21190453,0.56516581
0.20665142,-0.25174366,-0.00138396,-0.07335807
0.09583607,0.01830706,-0.38335482,0.0441309
0.20678331,-0.34200391,0.2223938,0.09026211
-0.41966301,-0.10920237,0.17203647,0.10739973
-0.03661462,0.08637018,-0.47745768,-0.32718808
0.07107394,0.66432005,0.19086001,-0.49370899
0.28500547,-0.097233,0.36920558,-0.32181053
-0.42143863,-0.38860123,0.1646941,0.11250188
-0.18031389,0.05548414,0.30586073,-0.08973729
-0.14125406,0.35620981,0.50808544,-0.16856985
-0.01962923,0.423483,0.40401425,-0.04752453
-0.23056915,-0.01175978,0.15700306,0.35113744
-0.06575688,-0.03551054,0.20127235,0.1443028
-0.01091292,0.28887967,-0.32867573,-0.86561046
-0.31711539,-0.01076926,-0.27554346,0.03583839
0.11389498,0.29633114,-0.17279555,-0.65906012
0.00089447,-0.04023396,0.07591984,-0.06915571
-0.73720834,0.51416518,0.10632505,-0.23518898
0.36803008,0.00390047,-0.60139745,-0.3246716
0.1939982,0.1006253,-0.54946454,-0.173774
0.13596844,-0.10399544,0.18786683,-0.53157877
-0.07944834,-0.10693764,-0.82970339,-0.0454997
-0.26841642,-0.00755393,-0.38161466,-0.50220416
0.27658064,-0.09434897,0.46330666,-0.21612487
0.01382607,0.25983154,-0.51549376,0.37050234
0.01068224,0.13351119,0.2340083,0.53475998
0.13690066,-0.29732881,0.03240553,0.08613352
0.17074048,-0.26983158,0.63555871,-0.17070019
0.06697213,0.13688144,-0.2432133,-0.35148797
0.40306988,-0.03791208,-0.25757184,-0.08733993
0.22332258,-0.37566133,0.34194667,0.09687665
0.67265465,-0.21801946,0.52194767,0.06940138
-0.50836182,-0.27657537,-0.55133639,-0.10342798
-0.33453329,0.42749037,-0.26644273,0.02636149
0.12494442,0.09054833,0.02756625,0.11535816
-0.60708756,0.00476662,-0.55475803,0.1683019
-0.25251228,0.01681087,-0.19147599,-0.09960999
0.11188235,0.01091251,0.49656224,0.03271054
0.2711791,0.17038881,0.03275019,0.07075242
-0.02325971,0.05445243,0.11448271,0.07957987
0.17497187,0.04975356,0.97710864,0.26282098
-0.11428596,-0.20750846,0.24675654,-0.07883809
0.70252943,-0.19948569,-0.46624727,-0.52502967
-0.70043113,0.05638587,-0.07139924,0.22358063
0.23009976,0.01974849,0.16193253,-0.20080056
-0.02133196,-0.23100649,-0.04420836,-0.45132516
0.38129537,0.29574299,-0.09078147,-0.50241814
-0.15062671,-0.25542222,-0.20096238,-0.38596685
0.19226652,-0.16099172,-0.22747686,0.39150681
-0.03295197,-0.51036124,-0.01126001,-0.25004383
0.19544362,0.32287603,0.07543071,0.15498314
-0.44611545,-0.16162914,-0.07952507,-0.12533302
-0.24480942,0.32325767,-0.36043327,0.2034936
-0.28863934,-0.3031415,0.07879239,-0.01302546
-0.2902082,-0.04973252,-1.0,-0.30029769
-0.13170112,-0.30078474,0.18590908,0.44191244
0.13774865,-0.85069969,0.33354809,0.34602771
0.01422464,0.03830765,0.49209886,0.10214572
-0.18639321,0.38352844,-0.33470132,-0.48804681
-0.14266584,0.13336168,-0.32002605,-0.06863541
-0.14056129,-0.11119091,-0.02188349,-0.00915132
0.10680961,0.30472874,-0.19476059,-0.22375562
-0.37406692,0.20425954,0.1036642,-0.06990292
0.39511628,-0.0298677,-0.37274209,0.29821703
-0.23824133,-0.29637542,-0.07126331,0.29280268
-0.46058958,0.03535844,0.60588109,-0.26335066
0.11626357,0.25896994,0.64344486,0.23764163
-0.27506369,-0.25562838,-0.05689484,0.06525076
-0.04409297,0.18788334,-0.12267763,-0.45321163
-0.41673203,0.16053879,0.41773691,0.64848365
-0.18529842,0.02811651,-0.34061021,0.06066961
0.00060753,0.35624995,-0.06883791,0.68322221
0.17134737,0.40515475,-0.05519419,-0.01301878
0.05216,0.32716781,0.12648953,-0.16220678
-0.09548162,0.33536742,-0.03298762,0.00174408
0.36198385,0.07444545,-0.28845608,-0.24032779
0.2188636,-0.07608724,-0.18677655,0.40617107
-0.24252793,-0.09730366,-0.13788078,-0.00973447
-0.15940886,-0.05563482,0.12271606,-0.15921113
-0.0408367,0.07880775,-0.26367719,-0.14613881
-0.39683327,-0.34315508,0.31670529,0.0735576
0.09365091,-0.43210829,0.20423569,0.32227519
0.34932254,-0.25836786,-0.00441558,0.08604527
0.34446047,-0.12339998,0.1905773,-0.2990571
-0.15304675,0.19210496,-0.31489557,-0.69621634
-0.2444671,0.02077131,-0.12920601,0.01753273
-0.24660096,-0.39095573,-0.56045964,0.10218658
0.13645485,-0.12927532,0.02308527,0.15208615
0.21605891,-0.02853972,-0.02937656,-0.14257506
-0.26250918,-0.59907895,-0.43149785,0.01565228
-0.73591452,0.06116261,-0.29239717,0.01166815
-0.25947226,-0.01064671,-0.32143958,-0.79854109
0.08437751,-0.29882585,-0.25096355,0.29697745
-0.41816339,-0.11957618,0.05909768,-0.5128677
-0.90283947,-0.13433259,-0.31093012,-0.45969882
-0.26852583,-0.33590232,-0.0662364,-0.17255895
0.0186307,-0.38083331,-0.20367795,-0.27238799
-0.04654485,0.16470219,-0.58334311,0.31501737
-0.2700268,-0.02570273,-0.6593685,0.19896492
0.20981271,-0.21719275,-0.071676,-0.03498713
-0.09691015,-0.73223167,-0.09907374,-0.04809715
0.41816265,0.40644718,1.0,-0.3263283
0.36443538,0.15629058,0.12389596,0.24983943
0.08820456,0.03628533,0.01555334,-0.09285404
-0.38846025,0.08693641,-0.20738726,-0.17275399
0.21125421,0.27924088,0.29278954,-0.08491367
-0.15466562,-0.33417528,0.05802664,-0.49572527
0.0965457,-0.10147196,-0.07733253,-0.44181608
-0.28364947,-0.20917862,-0.17238481,0.32976161
-0.25550134,0.01350376,-0.37702298,-0.10090447
-0.23933925,0.24429893,-0.17234529,0.20528893
-0.3730015,0.04292569,-0.25043268,0.11411042
0.25725914,0.16880898,-0.59351077,-0.03223815
0.36510755,-0.25340796,0.35559345,-0.17514807
-0.3413776,-0.11865912,0.39344259,0.00598343
-0.36525339,-0.22721066,0.88359948,-0.30387075
0.35781311,-0.22801418,-0.18761288,-0.75068297
0.2634563,-0.48855418,0.27054399,0.18342913
0.49619844,-0.12016699,0.42858375,-0.40074347
0.2728653,0.45716097,-0.11420703,0.15585473
0.06378903,-0.15846658,-0.35431369,0.0918246
0.03168812,0.01610301,0.30171373,0.23638449
0.06145351,-0.16567603,0.2664429,-0.28694402
0.20951595,-0.15278885,-0.25314462,-0.20017315
-0.03687354,0.26463689,0.22833048,0.33700329
0.42247372,0.05025853,0.22888597,0.3539527
0.28508075,-0.14514,0.2331513,0.70803908
-0.4618174,-0.39316582,0.05624481,-0.11692531
0.33722243,0.49170093,-0.37068175,0.09922067
0.46484716,0.13549797,-0.30643888,0.45574441
-0.38694467,0.12933432,0.35847877,0.15691005
0.25249484,0.00862675,-0.38393602,0.02428501
0.19263991,-0.22110092,0.53908732,-0.53333752
0.22456476,-0.10924625,0.03491017,0.10427412
-0.02299227,-0.21078378,0.32172861,0.00182552
-0.34886871,0.29783089,-0.03481534,-0.1752484
0.18710477,0.28926423,-0.02966875,-0.14948264
0.04343029,-0.11229379,-0.17942314,0.20475801
-0.63222695,-0.38835916,0.02055208,-0.32831743
0.42623853,0.00444194,0.13325091,0.32742095
-0.29437535,-0.1842235,-0.62302964,-0.01876467
-0.18485252,-0.20005733,-0.27033335,0.41120689
-0.19112876,0.02293067,0.38936999,-0.16043874
-0.11576381,-0.57239939,-0.10753143,-0.11151082
-0.23743072,-0.41537832,-0.1883113,-0.31531104
-0.12846177,-0.03327914,0.05077569,-0.47033246
0.04609449,0.10087706,0.36350546,0.34921401
0.09178011,-0.32770932,-0.26156934,0.44120194
0.26281585,-0.19021145,-0.03832636,0.04298156
-0.37655944,-0.27148345,-0.8776107,0.11179734
-0.4061275,-0.53096066,-0.02511419,-0.0271159
-0.05552444,0.12820883,0.44396829,0.06323236
0.03048626,-0.14549905,0.01457212,0.37137515
0.15462417,0.24276352,-0.19183425,0.19320482
0.32398332,0.09248595,0.01766467,-0.28884611
-0.03187037,-0.32405884,-0.11220532,-0.00903769
0.55485132,-0.08498384,0.23911294,-0.37092129
0.1530047,0.08328955,-0.35859631,0.14703114
0.33345084,-0.13472935,0.01984081,-0.33897777
-0.19847955,0.40549944,-0.23009582,0.16188187
-0.02688994,-0.48578892,0.07367742,-0.04078133
0.07694307,-0.276406,0.21372224,-0.46764257
-0.15002149,-0.03763856,0.1848458,-0.02955215
0.08061142,-0.37633654,-0.32422922,0.24537501
-0.17242368,0.07136768,-0.44868874,0.0169211
-0.00514667,0.14567529,-0.32755905,-0.13291196
0.17936146,-0.09282142,0.03386481,-0.12888793
0.02882464,-0.05055566,-0.22190625,-0.10495919
0.05918541,0.40409733,-0.2153583,0.44628084
0.26981953,-0.05464594,-0.04250515,0.80744101
-0.24798862,0.09274314,0.6027005,0.32213993
-0.34131833,0.0025531,0.32504302,0.13843663
-0.08839023,-0.15644113,-0.20161859,0.09160133
-0.03217226,-0.09802364,0.3633287,0.01772383
0.20061942,-0.24947531,0.11009951,-0.09631195
0.37630413,-0.3584697,0.15115286,-0.39108088
-0.23058757,-0.07173582,0.51395083,0.16142972
-0.16356456,0.0262858,0.0088162,0.28089634
0.16545154,-0.61643443,0.01141569,0.01028367
-0.14335916,-0.68413342,-0.48153277,0.16848638
0.31849479,-0.55833731,-0.10146025,0.02491859
0.23741021,-0.1816543,-0.24200043,-0.03212529
-0.31083256,0.00271039,0.04037715,-0.31208211
-0.1361422,0.22510527,0.42062397,0.22098827
-0.48503743,0.12884319,-0.38659828,0.42966337
0.04170665,0.12328617,0.17502285,0.18411703
0.16186903,-0.22875934,0.33959157,-0.36356317
0.42673072,0.44581811,-0.06310645,-0.63572794
0.0489851,-0.41308709,-0.02084073,-0.26865323
-0.30404654,-0.4039384,-0.18209993,0.19527144
0.10127277,-0.3000882,0.02034074,-0.41620294
-0.04402626,-0.01313993,-0.05638716,-0.20196425
0.48951781,-0.17092958,-0.29562072,-0.06427732
0.06423808,-0.15351698,-0.04881154,0.06528881
-0.16777334,0.09607252,-0.33087228,0.14772229
0.12300813,-0.11635158,-0.24837799,-0.26412858
0.36794657,-0.1580357,-0.11475136,0.27183677
-0.10095889,0.03816226,0.23767908,-0.04466547
-0.29806262,-0.21541135,-0.22775449,0.18681358
-0.14943131,0.2584253,0.03406219,-0.31431211
-0.22212832,0.19580103,0.52995474,0.24996033
0.26921216,-0.03340504,0.1376518,-0.28274755
-0.34294179,-0.43004764,-0.21734112,0.28181722
0.5761844,0.25603658,-0.12598035,0.30522409
0.05571093,-0.02130094,-0.41144507,0.16476692
-0.19241505,0.10160166,-0.47500455,-0.34102786
0.00989855,0.15053623,-0.63212734,0.52601432
0.2083542,-0.14677635,0.31940714,-0.3286016
0.48992574,-0.2610165,-0.2961799,-0.59683383
-0.05352419,0.08387368,-0.26258439,0.00356182
0.05672738,-0.12852194,0.11984037,-0.10882711
-0.18302963,0.12416598,0.53634378,0.07242277
0.12049396,0.00140653,-0.01027264,-0.34518673
-0.07699293,0.0913916,0.17683909,-0.31478176
-0.12254128,0.06900245,0.05814266,-0.59083913
0.2914823,0.10390978,0.24078275,0.10433691
0.21504606,-0.09887672,-0.30712158,0.29182463
-0.04329001,-0.17036024,0.16578706,-0.2542591
0.65963264,-0.15980744,0.06361678,0.2723899
-0.12865924,0.27019219,0.51366162,0.13809088
0.03532929,-0.14897837,0.05221159,0.11146
-0.05664498,0.35212726,0.06564515,-0.02795007
-0.1983819,0.12026557,-0.02041468,-0.07958999
0.02975496,-0.11931325,0.20991896,-0.05222719
-0.34133146,0.19021883,0.29980552,-0.43722988
0.17815874,0.55397994,-0.29591211,-0.1799789
-0.59272296,0.35380237,-0.37009688,-0.18654005
-0.26133116,-0.2161877,-0.23504677,0.01916143
